code,name,updated_at
CAT0001,Clothing Materials 1,2024-11-10 16:46:53
CAT0002,Shoes Products 2,2025-01-15 16:46:53
CAT0003,Garden Supplies 3,2025-09-26 16:46:53
CAT0004,Home Line 4,2025-04-14 16:46:53
CAT0005,Sports Components 5,2025-10-06 16:46:53
CAT0006,Industrial Series 6,2025-07-21 16:46:53
CAT0007,Music Supplies 7,2024-12-30 16:46:53
CAT0008,Health Goods 8,2024-11-05 16:46:53
CAT0009,Tools Accessories 9,2025-09-21 16:46:53
CAT0010,Arts Collection 10,2025-05-18 16:46:53
CAT0011,Clothing Collection 11,2025-02-26 16:46:53
CAT0012,Clothing Essentials 12,2025-02-07 16:46:53
CAT0013,Music Essentials 13,2025-01-31 16:46:53
CAT0014,Toys Essentials 14,2025-07-30 16:46:53
CAT0015,Books Line 15,2024-11-09 16:46:53
CAT0016,Garden Components 16,2025-06-30 16:46:53
CAT0017,Shoes Goods 17,2025-06-10 16:46:53
CAT0018,Electronics Equipment 18,2025-06-07 16:46:53
CAT0019,Beauty Essentials 19,2025-10-27 16:46:53
CAT0020,Health Accessories 20,2025-03-26 16:46:53
CAT0021,Beauty Series 21,2025-02-27 16:46:53
CAT0022,Clothing Collection 22,2025-04-21 16:46:53
CAT0023,Baby Goods 23,2025-01-01 16:46:53
CAT0024,Automotive Materials 24,2025-02-01 16:46:53
CAT0025,Shoes Materials 25,2024-11-22 16:46:53
CAT0026,Automotive Equipment 26,2025-09-07 16:46:53
CAT0027,Music Products 27,2025-03-04 16:46:53
CAT0028,Sports Equipment 28,2025-02-28 16:46:53
CAT0029,Food Range 29,2024-11-23 16:46:53
CAT0030,Food Range 30,2025-03-12 16:46:53
CAT0031,Clothing Products 31,2025-07-02 16:46:53
CAT0032,Health Supplies 32,2024-12-12 16:46:53
CAT0033,Clothing Items 33,2025-03-07 16:46:53
CAT0034,Office Items 34,2025-03-12 16:46:53
CAT0035,Arts Equipment 35,2025-06-18 16:46:53
CAT0036,Books Equipment 36,2025-01-27 16:46:53
CAT0037,Tools Supplies 37,2025-10-28 16:46:53
CAT0038,Automotive Goods 38,2025-01-14 16:46:53
CAT0039,Garden Equipment 39,2025-07-01 16:46:53
CAT0040,Shoes Materials 40,2025-09-14 16:46:53
CAT0041,Shoes Collection 41,2025-09-06 16:46:53
CAT0042,Sports Goods 42,2025-07-05 16:46:53
CAT0043,Health Collection 43,2025-08-13 16:46:53
CAT0044,Shoes Supplies 44,2025-06-17 16:46:53
CAT0045,Arts Supplies 45,2025-07-01 16:46:53
CAT0046,Music Collection 46,2025-06-19 16:46:53
CAT0047,Tools Accessories 47,2025-05-23 16:46:53
CAT0048,Shoes Components 48,2025-07-18 16:46:53
CAT0049,Food Line 49,2025-08-21 16:46:53
CAT0050,Electronics Series 50,2025-10-25 16:46:53
CAT0051,Industrial Products 51,2025-08-06 16:46:53
CAT0052,Books Materials 52,2025-01-08 16:46:53
CAT0053,Tools Essentials 53,2025-09-01 16:46:53
CAT0054,Clothing Items 54,2025-04-25 16:46:53
CAT0055,Shoes Series 55,2025-01-08 16:46:53
CAT0056,Toys Products 56,2025-11-01 16:46:53
CAT0057,Health Line 57,2025-11-02 16:46:53
CAT0058,Tools Equipment 58,2025-07-02 16:46:53
CAT0059,Health Essentials 59,2025-07-04 16:46:53
CAT0060,Automotive Equipment 60,2025-08-06 16:46:53
CAT0061,Office Components 61,2025-03-01 16:46:53
CAT0062,Industrial Range 62,2025-06-18 16:46:53
CAT0063,Automotive Range 63,2025-08-05 16:46:53
CAT0064,Shoes Collection 64,2025-04-03 16:46:53
CAT0065,Automotive Supplies 65,2025-06-07 16:46:53
CAT0066,Automotive Items 66,2025-08-05 16:46:53
CAT0067,Toys Goods 67,2025-01-16 16:46:53
CAT0068,Office Essentials 68,2024-12-17 16:46:53
CAT0069,Health Essentials 69,2024-11-12 16:46:53
CAT0070,Baby Materials 70,2025-06-08 16:46:53
CAT0071,Home Supplies 71,2025-09-03 16:46:53
CAT0072,Health Goods 72,2024-11-21 16:46:53
CAT0073,Pet Supplies 73,2025-06-12 16:46:53
CAT0074,Pet Equipment 74,2024-12-02 16:46:53
CAT0075,Office Materials 75,2025-06-30 16:46:53
CAT0076,Garden Essentials 76,2025-03-08 16:46:53
CAT0077,Tools Materials 77,2025-09-13 16:46:53
CAT0078,Tools Essentials 78,2025-05-13 16:46:53
CAT0079,Automotive Accessories 79,2024-12-18 16:46:53
CAT0080,Pet Components 80,2025-01-27 16:46:53
CAT0081,Baby Components 81,2025-01-31 16:46:53
CAT0082,Arts Line 82,2025-08-18 16:46:53
CAT0083,Beauty Items 83,2025-03-23 16:46:53
CAT0084,Home Range 84,2025-09-01 16:46:53
CAT0085,Tools Equipment 85,2025-06-04 16:46:53
CAT0086,Food Materials 86,2025-08-19 16:46:53
CAT0087,Jewelry Items 87,2024-11-24 16:46:53
CAT0088,Jewelry Line 88,2024-12-15 16:46:53
CAT0089,Toys Products 89,2024-12-13 16:46:53
CAT0090,Office Range 90,2025-03-28 16:46:53
CAT0091,Clothing Materials 91,2025-04-20 16:46:53
CAT0092,Industrial Equipment 92,2025-09-27 16:46:53
CAT0093,Baby Accessories 93,2025-09-04 16:46:53
CAT0094,Toys Items 94,2025-04-11 16:46:53
CAT0095,Pet Items 95,2024-12-27 16:46:53
CAT0096,Office Items 96,2025-01-04 16:46:53
CAT0097,Garden Products 97,2025-08-23 16:46:53
CAT0098,Home Essentials 98,2025-07-13 16:46:53
CAT0099,Tools Essentials 99,2024-12-31 16:46:53
CAT0100,Office Range 100,2025-04-08 16:46:53
CAT0101,Food Items 101,2025-09-24 16:46:53
CAT0102,Sports Collection 102,2024-11-16 16:46:53
CAT0103,Industrial Components 103,2025-03-27 16:46:53
CAT0104,Tools Line 104,2025-07-09 16:46:53
CAT0105,Jewelry Accessories 105,2025-06-17 16:46:53
CAT0106,Food Essentials 106,2025-07-30 16:46:53
CAT0107,Garden Range 107,2025-02-03 16:46:53
CAT0108,Beauty Items 108,2024-12-03 16:46:53
CAT0109,Pet Materials 109,2025-05-06 16:46:53
CAT0110,Shoes Line 110,2024-11-28 16:46:53
CAT0111,Industrial Line 111,2025-08-26 16:46:53
CAT0112,Music Series 112,2025-09-14 16:46:53
CAT0113,Food Materials 113,2025-02-09 16:46:53
CAT0114,Clothing Components 114,2025-02-14 16:46:53
CAT0115,Industrial Equipment 115,2025-09-14 16:46:53
CAT0116,Clothing Series 116,2025-07-24 16:46:53
CAT0117,Baby Line 117,2025-07-12 16:46:53
CAT0118,Health Line 118,2025-09-02 16:46:53
CAT0119,Arts Products 119,2025-04-14 16:46:53
CAT0120,Jewelry Goods 120,2025-07-21 16:46:53
CAT0121,Pet Range 121,2025-10-28 16:46:53
CAT0122,Books Series 122,2025-05-25 16:46:53
CAT0123,Tools Supplies 123,2025-11-02 16:46:53
CAT0124,Music Accessories 124,2025-05-12 16:46:53
CAT0125,Food Goods 125,2025-08-08 16:46:53
CAT0126,Books Collection 126,2025-02-05 16:46:53
CAT0127,Automotive Materials 127,2025-05-01 16:46:53
CAT0128,Home Accessories 128,2025-05-10 16:46:53
CAT0129,Sports Essentials 129,2025-01-16 16:46:53
CAT0130,Office Materials 130,2025-04-25 16:46:53
CAT0131,Health Materials 131,2025-07-19 16:46:53
CAT0132,Jewelry Accessories 132,2025-04-21 16:46:53
CAT0133,Electronics Essentials 133,2025-02-20 16:46:53
CAT0134,Shoes Items 134,2025-03-17 16:46:53
CAT0135,Electronics Items 135,2025-10-15 16:46:53
CAT0136,Books Essentials 136,2024-12-26 16:46:53
CAT0137,Health Collection 137,2025-01-27 16:46:53
CAT0138,Electronics Line 138,2025-10-27 16:46:53
CAT0139,Office Accessories 139,2025-10-03 16:46:53
CAT0140,Baby Items 140,2025-02-12 16:46:53
CAT0141,Tools Collection 141,2025-06-19 16:46:53
CAT0142,Industrial Goods 142,2025-08-16 16:46:53
CAT0143,Pet Goods 143,2025-03-22 16:46:53
CAT0144,Music Goods 144,2024-12-04 16:46:53
CAT0145,Jewelry Essentials 145,2025-04-22 16:46:53
CAT0146,Industrial Components 146,2024-11-14 16:46:53
CAT0147,Office Accessories 147,2025-08-17 16:46:53
CAT0148,Home Range 148,2025-01-14 16:46:53
CAT0149,Beauty Supplies 149,2025-03-07 16:46:53
CAT0150,Baby Equipment 150,2025-10-30 16:46:53
CAT0151,Health Supplies 151,2025-08-17 16:46:53
CAT0152,Beauty Components 152,2025-02-13 16:46:53
CAT0153,Automotive Products 153,2024-12-29 16:46:53
CAT0154,Pet Components 154,2025-05-11 16:46:53
CAT0155,Music Line 155,2024-11-24 16:46:53
CAT0156,Tools Products 156,2024-11-09 16:46:53
CAT0157,Beauty Products 157,2025-02-17 16:46:53
CAT0158,Food Essentials 158,2025-06-09 16:46:53
CAT0159,Arts Essentials 159,2025-04-22 16:46:53
CAT0160,Beauty Accessories 160,2024-12-14 16:46:53
CAT0161,Baby Materials 161,2025-09-29 16:46:53
CAT0162,Books Line 162,2024-12-11 16:46:53
CAT0163,Office Accessories 163,2025-05-15 16:46:53
CAT0164,Garden Supplies 164,2025-06-05 16:46:53
CAT0165,Beauty Accessories 165,2025-11-05 16:46:53
CAT0166,Food Supplies 166,2025-02-10 16:46:53
CAT0167,Tools Materials 167,2025-05-25 16:46:53
CAT0168,Garden Collection 168,2024-11-25 16:46:53
CAT0169,Baby Series 169,2025-04-02 16:46:53
CAT0170,Jewelry Collection 170,2025-07-25 16:46:53
CAT0171,Electronics Components 171,2024-12-29 16:46:53
CAT0172,Baby Equipment 172,2025-08-26 16:46:53
CAT0173,Arts Essentials 173,2025-06-28 16:46:53
CAT0174,Tools Products 174,2025-03-04 16:46:53
CAT0175,Jewelry Collection 175,2025-04-26 16:46:53
CAT0176,Pet Series 176,2025-01-19 16:46:53
CAT0177,Sports Supplies 177,2025-06-24 16:46:53
CAT0178,Shoes Range 178,2025-01-04 16:46:53
CAT0179,Industrial Supplies 179,2025-09-06 16:46:53
CAT0180,Shoes Items 180,2025-05-23 16:46:53
CAT0181,Music Products 181,2025-01-12 16:46:53
CAT0182,Automotive Accessories 182,2025-10-13 16:46:53
CAT0183,Tools Components 183,2025-09-18 16:46:53
CAT0184,Industrial Items 184,2024-11-13 16:46:53
CAT0185,Shoes Line 185,2025-02-07 16:46:53
CAT0186,Health Supplies 186,2024-12-07 16:46:53
CAT0187,Arts Supplies 187,2025-09-04 16:46:53
CAT0188,Garden Line 188,2024-11-09 16:46:53
CAT0189,Books Accessories 189,2024-12-18 16:46:53
CAT0190,Toys Components 190,2025-05-14 16:46:53
CAT0191,Jewelry Accessories 191,2025-08-09 16:46:53
CAT0192,Toys Goods 192,2025-09-12 16:46:53
CAT0193,Pet Materials 193,2025-04-27 16:46:53
CAT0194,Food Collection 194,2024-12-09 16:46:53
CAT0195,Baby Equipment 195,2025-04-13 16:46:53
CAT0196,Arts Line 196,2024-11-09 16:46:53
CAT0197,Food Series 197,2025-07-28 16:46:53
CAT0198,Office Collection 198,2025-09-02 16:46:53
CAT0199,Baby Materials 199,2024-11-06 16:46:53
CAT0200,Industrial Collection 200,2025-09-06 16:46:53
CAT0201,Pet Series 201,2025-05-17 16:46:53
CAT0202,Tools Supplies 202,2025-01-11 16:46:53
CAT0203,Arts Goods 203,2025-05-19 16:46:53
CAT0204,Office Line 204,2025-10-09 16:46:53
CAT0205,Automotive Series 205,2025-10-14 16:46:53
CAT0206,Pet Line 206,2025-10-26 16:46:53
CAT0207,Home Series 207,2025-10-28 16:46:53
CAT0208,Office Products 208,2025-01-28 16:46:53
CAT0209,Food Items 209,2024-12-20 16:46:53
CAT0210,Automotive Essentials 210,2025-04-16 16:46:53
CAT0211,Music Accessories 211,2024-11-21 16:46:53
CAT0212,Music Collection 212,2025-07-21 16:46:53
CAT0213,Jewelry Supplies 213,2025-05-29 16:46:53
CAT0214,Beauty Materials 214,2025-10-03 16:46:53
CAT0215,Electronics Collection 215,2025-09-06 16:46:53
CAT0216,Arts Items 216,2025-05-18 16:46:53
CAT0217,Home Accessories 217,2025-06-10 16:46:53
CAT0218,Books Accessories 218,2025-08-02 16:46:53
CAT0219,Toys Series 219,2025-07-04 16:46:53
CAT0220,Clothing Accessories 220,2025-06-19 16:46:53
CAT0221,Beauty Goods 221,2025-08-23 16:46:53
CAT0222,Tools Collection 222,2025-06-25 16:46:53
CAT0223,Pet Components 223,2025-04-26 16:46:53
CAT0224,Health Products 224,2025-09-20 16:46:53
CAT0225,Garden Series 225,2025-02-12 16:46:53
CAT0226,Jewelry Series 226,2025-05-12 16:46:53
CAT0227,Sports Components 227,2025-05-02 16:46:53
CAT0228,Music Products 228,2025-05-28 16:46:53
CAT0229,Sports Series 229,2024-12-21 16:46:53
CAT0230,Office Components 230,2025-02-16 16:46:53
CAT0231,Toys Goods 231,2025-03-06 16:46:53
CAT0232,Garden Accessories 232,2025-10-10 16:46:53
CAT0233,Industrial Goods 233,2025-03-06 16:46:53
CAT0234,Garden Supplies 234,2025-05-17 16:46:53
CAT0235,Tools Line 235,2025-09-25 16:46:53
CAT0236,Food Products 236,2025-02-19 16:46:53
CAT0237,Clothing Collection 237,2025-10-07 16:46:53
CAT0238,Music Series 238,2025-04-11 16:46:53
CAT0239,Music Equipment 239,2025-10-27 16:46:53
CAT0240,Shoes Goods 240,2025-04-07 16:46:53
CAT0241,Health Series 241,2025-05-06 16:46:53
CAT0242,Toys Series 242,2024-12-21 16:46:53
CAT0243,Clothing Goods 243,2025-08-21 16:46:53
CAT0244,Jewelry Components 244,2025-05-07 16:46:53
CAT0245,Food Supplies 245,2025-01-30 16:46:53
CAT0246,Home Essentials 246,2025-07-03 16:46:53
CAT0247,Music Components 247,2025-01-17 16:46:53
CAT0248,Clothing Supplies 248,2025-09-02 16:46:53
CAT0249,Beauty Components 249,2024-11-16 16:46:53
CAT0250,Music Components 250,2025-10-09 16:46:53
CAT0251,Shoes Accessories 251,2025-07-26 16:46:53
CAT0252,Music Products 252,2024-11-21 16:46:53
CAT0253,Electronics Series 253,2024-12-24 16:46:53
CAT0254,Baby Goods 254,2025-03-19 16:46:53
CAT0255,Home Essentials 255,2025-08-07 16:46:53
CAT0256,Garden Line 256,2025-03-20 16:46:53
CAT0257,Industrial Materials 257,2025-02-07 16:46:53
CAT0258,Sports Series 258,2025-03-07 16:46:53
CAT0259,Office Series 259,2025-02-13 16:46:53
CAT0260,Electronics Supplies 260,2025-01-17 16:46:53
CAT0261,Shoes Items 261,2025-02-09 16:46:53
CAT0262,Music Accessories 262,2025-09-24 16:46:53
CAT0263,Toys Supplies 263,2025-05-24 16:46:53
CAT0264,Food Supplies 264,2025-08-05 16:46:53
CAT0265,Toys Series 265,2025-01-11 16:46:53
CAT0266,Sports Range 266,2025-04-28 16:46:53
CAT0267,Office Materials 267,2025-03-10 16:46:53
CAT0268,Home Items 268,2025-10-22 16:46:53
CAT0269,Health Collection 269,2025-09-10 16:46:53
CAT0270,Electronics Supplies 270,2024-12-07 16:46:53
CAT0271,Home Essentials 271,2024-11-23 16:46:53
CAT0272,Health Materials 272,2025-10-13 16:46:53
CAT0273,Arts Goods 273,2025-06-28 16:46:53
CAT0274,Pet Range 274,2025-06-30 16:46:53
CAT0275,Tools Equipment 275,2025-03-28 16:46:53
CAT0276,Health Supplies 276,2025-06-30 16:46:53
CAT0277,Office Range 277,2025-08-31 16:46:53
CAT0278,Food Accessories 278,2025-10-24 16:46:53
CAT0279,Electronics Range 279,2025-08-24 16:46:53
CAT0280,Baby Components 280,2025-06-06 16:46:53
CAT0281,Music Components 281,2025-03-01 16:46:53
CAT0282,Automotive Line 282,2025-08-14 16:46:53
CAT0283,Automotive Range 283,2025-10-28 16:46:53
CAT0284,Books Equipment 284,2025-01-23 16:46:53
CAT0285,Tools Equipment 285,2025-10-14 16:46:53
CAT0286,Baby Collection 286,2025-04-21 16:46:53
CAT0287,Pet Items 287,2025-10-25 16:46:53
CAT0288,Baby Accessories 288,2025-08-10 16:46:53
CAT0289,Home Collection 289,2025-03-03 16:46:53
CAT0290,Home Equipment 290,2025-04-19 16:46:53
CAT0291,Food Materials 291,2025-04-10 16:46:53
CAT0292,Electronics Goods 292,2025-03-27 16:46:53
CAT0293,Shoes Materials 293,2025-10-09 16:46:53
CAT0294,Pet Line 294,2025-08-17 16:46:53
CAT0295,Health Accessories 295,2025-08-16 16:46:53
CAT0296,Automotive Goods 296,2025-01-07 16:46:53
CAT0297,Toys Items 297,2024-12-31 16:46:53
CAT0298,Baby Products 298,2025-02-14 16:46:53
CAT0299,Tools Goods 299,2025-06-16 16:46:53
CAT0300,Industrial Products 300,2025-05-08 16:46:53
CAT0301,Shoes Items 301,2025-09-21 16:46:53
CAT0302,Food Collection 302,2025-03-02 16:46:53
CAT0303,Beauty Goods 303,2025-05-04 16:46:53
CAT0304,Beauty Supplies 304,2024-11-16 16:46:53
CAT0305,Jewelry Equipment 305,2025-06-13 16:46:53
CAT0306,Shoes Accessories 306,2025-03-14 16:46:53
CAT0307,Jewelry Products 307,2025-04-16 16:46:53
CAT0308,Electronics Materials 308,2025-04-25 16:46:53
CAT0309,Sports Range 309,2024-12-29 16:46:53
CAT0310,Arts Line 310,2025-01-17 16:46:53
CAT0311,Home Materials 311,2025-05-04 16:46:53
CAT0312,Industrial Equipment 312,2025-04-09 16:46:53
CAT0313,Shoes Collection 313,2025-02-10 16:46:53
CAT0314,Toys Series 314,2025-08-04 16:46:53
CAT0315,Tools Essentials 315,2025-08-03 16:46:53
CAT0316,Garden Range 316,2024-12-19 16:46:53
CAT0317,Office Range 317,2025-04-07 16:46:53
CAT0318,Books Materials 318,2025-05-18 16:46:53
CAT0319,Tools Range 319,2025-01-20 16:46:53
CAT0320,Books Items 320,2025-05-12 16:46:53
CAT0321,Jewelry Equipment 321,2025-06-23 16:46:53
CAT0322,Arts Range 322,2025-08-23 16:46:53
CAT0323,Pet Components 323,2025-09-29 16:46:53
CAT0324,Shoes Goods 324,2025-11-02 16:46:53
CAT0325,Office Components 325,2025-03-13 16:46:53
CAT0326,Tools Line 326,2025-01-08 16:46:53
CAT0327,Music Accessories 327,2025-09-23 16:46:53
CAT0328,Pet Materials 328,2025-06-30 16:46:53
CAT0329,Health Range 329,2025-03-23 16:46:53
CAT0330,Tools Supplies 330,2024-12-11 16:46:53
CAT0331,Industrial Collection 331,2025-01-07 16:46:53
CAT0332,Pet Items 332,2025-11-01 16:46:53
CAT0333,Shoes Supplies 333,2025-09-07 16:46:53
CAT0334,Shoes Supplies 334,2025-01-23 16:46:53
CAT0335,Sports Range 335,2025-02-07 16:46:53
CAT0336,Tools Equipment 336,2025-10-01 16:46:53
CAT0337,Pet Collection 337,2025-06-13 16:46:53
CAT0338,Office Components 338,2025-03-04 16:46:53
CAT0339,Sports Components 339,2025-05-13 16:46:53
CAT0340,Baby Products 340,2025-06-02 16:46:53
CAT0341,Jewelry Collection 341,2025-06-21 16:46:53
CAT0342,Books Materials 342,2025-10-31 16:46:53
CAT0343,Shoes Accessories 343,2024-11-29 16:46:53
CAT0344,Automotive Essentials 344,2025-01-21 16:46:53
CAT0345,Toys Components 345,2025-05-04 16:46:53
CAT0346,Industrial Supplies 346,2024-11-22 16:46:53
CAT0347,Automotive Materials 347,2024-12-19 16:46:53
CAT0348,Tools Equipment 348,2025-01-25 16:46:53
CAT0349,Arts Series 349,2025-05-26 16:46:53
CAT0350,Industrial Accessories 350,2025-03-18 16:46:53
CAT0351,Sports Equipment 351,2025-06-22 16:46:53
CAT0352,Jewelry Essentials 352,2025-10-06 16:46:53
CAT0353,Home Equipment 353,2025-02-13 16:46:53
CAT0354,Automotive Collection 354,2025-07-23 16:46:53
CAT0355,Books Collection 355,2024-12-29 16:46:53
CAT0356,Beauty Collection 356,2025-10-31 16:46:53
CAT0357,Office Series 357,2025-04-21 16:46:53
CAT0358,Jewelry Products 358,2025-01-08 16:46:53
CAT0359,Garden Essentials 359,2024-12-21 16:46:53
CAT0360,Automotive Series 360,2025-02-01 16:46:53
CAT0361,Pet Series 361,2025-01-26 16:46:53
CAT0362,Industrial Line 362,2024-11-17 16:46:53
CAT0363,Health Accessories 363,2025-03-30 16:46:53
CAT0364,Garden Materials 364,2025-06-24 16:46:53
CAT0365,Home Components 365,2025-02-24 16:46:53
CAT0366,Office Line 366,2025-08-28 16:46:53
CAT0367,Books Products 367,2025-07-06 16:46:53
CAT0368,Music Goods 368,2024-12-22 16:46:53
CAT0369,Shoes Items 369,2025-06-16 16:46:53
CAT0370,Office Components 370,2024-12-06 16:46:53
CAT0371,Food Products 371,2025-03-27 16:46:53
CAT0372,Baby Range 372,2025-03-14 16:46:53
CAT0373,Tools Series 373,2025-07-07 16:46:53
CAT0374,Toys Components 374,2025-01-24 16:46:53
CAT0375,Music Goods 375,2025-07-11 16:46:53
CAT0376,Pet Items 376,2025-03-07 16:46:53
CAT0377,Arts Products 377,2025-04-22 16:46:53
CAT0378,Industrial Line 378,2024-12-24 16:46:53
CAT0379,Food Accessories 379,2025-03-07 16:46:53
CAT0380,Clothing Collection 380,2025-06-16 16:46:53
CAT0381,Sports Components 381,2025-07-23 16:46:53
CAT0382,Industrial Essentials 382,2025-08-07 16:46:53
CAT0383,Electronics Supplies 383,2025-04-14 16:46:53
CAT0384,Clothing Materials 384,2025-08-07 16:46:53
CAT0385,Automotive Collection 385,2025-08-05 16:46:53
CAT0386,Toys Range 386,2025-02-14 16:46:53
CAT0387,Arts Equipment 387,2025-05-09 16:46:53
CAT0388,Books Series 388,2025-04-05 16:46:53
CAT0389,Beauty Goods 389,2025-04-03 16:46:53
CAT0390,Clothing Essentials 390,2025-10-24 16:46:53
CAT0391,Pet Equipment 391,2025-03-18 16:46:53
CAT0392,Electronics Supplies 392,2025-07-24 16:46:53
CAT0393,Beauty Essentials 393,2025-05-24 16:46:53
CAT0394,Music Accessories 394,2025-03-27 16:46:53
CAT0395,Tools Materials 395,2024-11-24 16:46:53
CAT0396,Arts Series 396,2025-03-13 16:46:53
CAT0397,Jewelry Goods 397,2025-02-18 16:46:53
CAT0398,Food Supplies 398,2025-11-01 16:46:53
CAT0399,Health Accessories 399,2025-04-01 16:46:53
CAT0400,Home Components 400,2025-08-11 16:46:53
CAT0401,Home Components 401,2025-03-11 16:46:53
CAT0402,Arts Materials 402,2025-05-31 16:46:53
CAT0403,Tools Products 403,2024-11-13 16:46:53
CAT0404,Food Collection 404,2025-08-01 16:46:53
CAT0405,Industrial Materials 405,2025-06-13 16:46:53
CAT0406,Electronics Accessories 406,2025-08-21 16:46:53
CAT0407,Books Supplies 407,2025-04-20 16:46:53
CAT0408,Home Collection 408,2025-05-07 16:46:53
CAT0409,Health Components 409,2024-12-06 16:46:53
CAT0410,Garden Equipment 410,2025-05-09 16:46:53
CAT0411,Shoes Range 411,2025-05-12 16:46:53
CAT0412,Office Products 412,2025-10-13 16:46:53
CAT0413,Garden Line 413,2025-02-09 16:46:53
CAT0414,Toys Goods 414,2025-05-06 16:46:53
CAT0415,Electronics Series 415,2024-11-27 16:46:53
CAT0416,Baby Products 416,2025-10-25 16:46:53
CAT0417,Music Supplies 417,2025-01-27 16:46:53
CAT0418,Shoes Products 418,2025-06-10 16:46:53
CAT0419,Health Materials 419,2025-02-17 16:46:53
CAT0420,Tools Range 420,2025-08-21 16:46:53
CAT0421,Clothing Items 421,2025-09-05 16:46:53
CAT0422,Baby Supplies 422,2024-11-23 16:46:53
CAT0423,Beauty Collection 423,2025-08-17 16:46:53
CAT0424,Office Components 424,2024-12-15 16:46:53
CAT0425,Health Accessories 425,2025-07-18 16:46:53
CAT0426,Electronics Products 426,2024-11-27 16:46:53
CAT0427,Food Collection 427,2025-08-17 16:46:53
CAT0428,Electronics Line 428,2025-08-20 16:46:53
CAT0429,Shoes Goods 429,2025-07-18 16:46:53
CAT0430,Clothing Line 430,2025-04-05 16:46:53
CAT0431,Health Supplies 431,2025-03-07 16:46:53
CAT0432,Clothing Essentials 432,2025-05-08 16:46:53
CAT0433,Home Collection 433,2025-03-22 16:46:53
CAT0434,Tools Equipment 434,2024-11-30 16:46:53
CAT0435,Automotive Series 435,2025-07-29 16:46:53
CAT0436,Home Line 436,2025-07-03 16:46:53
CAT0437,Music Materials 437,2024-11-09 16:46:53
CAT0438,Arts Accessories 438,2025-05-23 16:46:53
CAT0439,Health Accessories 439,2025-06-28 16:46:53
CAT0440,Music Series 440,2025-03-24 16:46:53
CAT0441,Books Range 441,2024-11-05 16:46:53
CAT0442,Jewelry Collection 442,2025-01-14 16:46:53
CAT0443,Clothing Goods 443,2025-06-04 16:46:53
CAT0444,Beauty Line 444,2025-03-14 16:46:53
CAT0445,Beauty Essentials 445,2025-08-28 16:46:53
CAT0446,Industrial Components 446,2025-07-02 16:46:53
CAT0447,Shoes Components 447,2025-07-12 16:46:53
CAT0448,Baby Collection 448,2025-02-10 16:46:53
CAT0449,Home Line 449,2025-09-01 16:46:53
CAT0450,Food Range 450,2025-09-19 16:46:53
CAT0451,Beauty Series 451,2025-07-29 16:46:53
CAT0452,Books Goods 452,2025-08-13 16:46:53
CAT0453,Baby Equipment 453,2025-10-25 16:46:53
CAT0454,Automotive Materials 454,2025-04-12 16:46:53
CAT0455,Office Components 455,2025-04-30 16:46:53
CAT0456,Music Essentials 456,2025-10-16 16:46:53
CAT0457,Beauty Products 457,2025-08-28 16:46:53
CAT0458,Garden Equipment 458,2025-05-04 16:46:53
CAT0459,Shoes Goods 459,2025-10-19 16:46:53
CAT0460,Food Collection 460,2025-08-22 16:46:53
CAT0461,Health Items 461,2025-04-11 16:46:53
CAT0462,Baby Goods 462,2025-04-05 16:46:53
CAT0463,Pet Line 463,2025-07-20 16:46:53
CAT0464,Sports Essentials 464,2025-04-27 16:46:53
CAT0465,Office Accessories 465,2024-11-08 16:46:53
CAT0466,Home Components 466,2024-12-26 16:46:53
CAT0467,Garden Items 467,2025-01-23 16:46:53
CAT0468,Toys Materials 468,2024-11-25 16:46:53
CAT0469,Home Materials 469,2025-05-22 16:46:53
CAT0470,Food Goods 470,2025-10-19 16:46:53
CAT0471,Beauty Products 471,2025-10-13 16:46:53
CAT0472,Pet Items 472,2025-03-14 16:46:53
CAT0473,Industrial Accessories 473,2025-08-03 16:46:53
CAT0474,Jewelry Line 474,2025-03-24 16:46:53
CAT0475,Electronics Materials 475,2025-01-08 16:46:53
CAT0476,Baby Supplies 476,2025-03-11 16:46:53
CAT0477,Food Range 477,2025-01-18 16:46:53
CAT0478,Health Products 478,2024-11-07 16:46:53
CAT0479,Garden Essentials 479,2025-05-06 16:46:53
CAT0480,Garden Line 480,2025-03-30 16:46:53
CAT0481,Tools Range 481,2025-07-26 16:46:53
CAT0482,Beauty Essentials 482,2025-03-29 16:46:53
CAT0483,Toys Range 483,2025-04-15 16:46:53
CAT0484,Clothing Range 484,2024-11-28 16:46:53
CAT0485,Tools Collection 485,2025-06-28 16:46:53
CAT0486,Tools Components 486,2024-12-06 16:46:53
CAT0487,Home Series 487,2025-06-11 16:46:53
CAT0488,Clothing Supplies 488,2025-01-10 16:46:53
CAT0489,Tools Series 489,2025-02-11 16:46:53
CAT0490,Tools Components 490,2025-06-12 16:46:53
CAT0491,Pet Essentials 491,2025-07-09 16:46:53
CAT0492,Beauty Series 492,2024-11-20 16:46:53
CAT0493,Books Supplies 493,2025-04-05 16:46:53
CAT0494,Music Line 494,2025-09-08 16:46:53
CAT0495,Sports Items 495,2025-06-13 16:46:53
CAT0496,Books Equipment 496,2025-09-10 16:46:53
CAT0497,Tools Goods 497,2025-04-30 16:46:53
CAT0498,Industrial Essentials 498,2025-06-29 16:46:53
CAT0499,Clothing Materials 499,2024-11-24 16:46:53
CAT0500,Electronics Accessories 500,2025-02-17 16:46:53
CAT0501,Garden Essentials 501,2025-07-06 16:46:53
CAT0502,Health Range 502,2024-11-23 16:46:53
CAT0503,Home Materials 503,2025-01-08 16:46:53
CAT0504,Tools Accessories 504,2025-07-06 16:46:53
CAT0505,Beauty Products 505,2025-07-24 16:46:53
CAT0506,Music Series 506,2025-01-01 16:46:53
CAT0507,Baby Components 507,2025-09-11 16:46:53
CAT0508,Home Accessories 508,2025-07-10 16:46:53
CAT0509,Home Materials 509,2025-03-01 16:46:53
CAT0510,Books Collection 510,2025-08-01 16:46:53
CAT0511,Arts Equipment 511,2025-06-03 16:46:53
CAT0512,Sports Series 512,2025-02-10 16:46:53
CAT0513,Garden Essentials 513,2025-04-04 16:46:53
CAT0514,Industrial Equipment 514,2025-08-04 16:46:53
CAT0515,Books Accessories 515,2025-04-08 16:46:53
CAT0516,Industrial Components 516,2025-08-12 16:46:53
CAT0517,Office Equipment 517,2025-07-13 16:46:53
CAT0518,Pet Line 518,2024-12-02 16:46:53
CAT0519,Music Line 519,2025-05-17 16:46:53
CAT0520,Pet Accessories 520,2025-08-03 16:46:53
CAT0521,Clothing Goods 521,2025-01-17 16:46:53
CAT0522,Pet Essentials 522,2025-03-25 16:46:53
CAT0523,Sports Products 523,2025-05-25 16:46:53
CAT0524,Baby Essentials 524,2025-07-13 16:46:53
CAT0525,Health Goods 525,2025-03-30 16:46:53
CAT0526,Beauty Supplies 526,2024-12-10 16:46:53
CAT0527,Clothing Series 527,2025-08-06 16:46:53
CAT0528,Toys Products 528,2025-05-25 16:46:53
CAT0529,Home Supplies 529,2025-08-27 16:46:53
CAT0530,Music Equipment 530,2025-01-14 16:46:53
CAT0531,Baby Components 531,2025-05-28 16:46:53
CAT0532,Industrial Goods 532,2025-02-09 16:46:53
CAT0533,Garden Accessories 533,2025-01-21 16:46:53
CAT0534,Books Collection 534,2025-07-09 16:46:53
CAT0535,Automotive Essentials 535,2025-09-28 16:46:53
CAT0536,Sports Materials 536,2025-03-31 16:46:53
CAT0537,Tools Collection 537,2025-05-08 16:46:53
CAT0538,Jewelry Range 538,2025-01-10 16:46:53
CAT0539,Food Line 539,2025-06-19 16:46:53
CAT0540,Toys Accessories 540,2025-09-15 16:46:53
CAT0541,Electronics Accessories 541,2024-12-27 16:46:53
CAT0542,Home Collection 542,2025-04-22 16:46:53
CAT0543,Baby Products 543,2025-01-16 16:46:53
CAT0544,Clothing Materials 544,2025-02-01 16:46:53
CAT0545,Pet Items 545,2025-06-08 16:46:53
CAT0546,Health Components 546,2025-07-22 16:46:53
CAT0547,Electronics Components 547,2025-05-16 16:46:53
CAT0548,Tools Range 548,2025-01-16 16:46:53
CAT0549,Pet Materials 549,2025-04-14 16:46:53
CAT0550,Office Items 550,2024-11-29 16:46:53
CAT0551,Toys Equipment 551,2025-10-29 16:46:53
CAT0552,Music Collection 552,2024-12-17 16:46:53
CAT0553,Tools Line 553,2025-03-14 16:46:53
CAT0554,Office Components 554,2025-06-21 16:46:53
CAT0555,Tools Series 555,2025-09-26 16:46:53
CAT0556,Home Collection 556,2025-08-22 16:46:53
CAT0557,Shoes Products 557,2025-02-16 16:46:53
CAT0558,Food Line 558,2025-02-10 16:46:53
CAT0559,Sports Collection 559,2025-03-06 16:46:53
CAT0560,Garden Essentials 560,2025-08-27 16:46:53
CAT0561,Automotive Accessories 561,2024-11-25 16:46:53
CAT0562,Electronics Goods 562,2025-01-27 16:46:53
CAT0563,Books Products 563,2025-02-24 16:46:53
CAT0564,Home Line 564,2025-03-06 16:46:53
CAT0565,Music Supplies 565,2025-10-14 16:46:53
CAT0566,Books Equipment 566,2025-07-23 16:46:53
CAT0567,Pet Series 567,2024-11-24 16:46:53
CAT0568,Jewelry Essentials 568,2025-03-30 16:46:53
CAT0569,Food Series 569,2024-11-14 16:46:53
CAT0570,Arts Essentials 570,2024-12-03 16:46:53
CAT0571,Toys Materials 571,2025-06-25 16:46:53
CAT0572,Office Series 572,2025-03-21 16:46:53
CAT0573,Tools Materials 573,2025-10-15 16:46:53
CAT0574,Garden Equipment 574,2025-01-25 16:46:53
CAT0575,Tools Items 575,2025-05-25 16:46:53
CAT0576,Beauty Series 576,2025-02-24 16:46:53
CAT0577,Jewelry Accessories 577,2025-03-14 16:46:53
CAT0578,Pet Series 578,2025-03-27 16:46:53
CAT0579,Books Goods 579,2025-11-04 16:46:53
CAT0580,Tools Components 580,2025-05-20 16:46:53
CAT0581,Clothing Equipment 581,2025-01-15 16:46:53
CAT0582,Food Equipment 582,2025-06-14 16:46:53
CAT0583,Automotive Collection 583,2025-09-18 16:46:53
CAT0584,Health Components 584,2025-10-06 16:46:53
CAT0585,Clothing Supplies 585,2025-02-11 16:46:53
CAT0586,Books Supplies 586,2025-06-14 16:46:53
CAT0587,Beauty Products 587,2024-11-13 16:46:53
CAT0588,Pet Accessories 588,2024-12-10 16:46:53
CAT0589,Home Materials 589,2025-07-12 16:46:53
CAT0590,Home Line 590,2024-12-10 16:46:53
CAT0591,Food Series 591,2025-04-16 16:46:53
CAT0592,Home Range 592,2025-02-02 16:46:53
CAT0593,Baby Supplies 593,2025-03-05 16:46:53
CAT0594,Arts Components 594,2025-04-19 16:46:53
CAT0595,Baby Materials 595,2025-06-26 16:46:53
CAT0596,Shoes Collection 596,2025-05-09 16:46:53
CAT0597,Office Products 597,2025-11-01 16:46:53
CAT0598,Beauty Goods 598,2025-06-22 16:46:53
CAT0599,Office Essentials 599,2025-05-03 16:46:53
CAT0600,Books Equipment 600,2024-11-30 16:46:53
CAT0601,Sports Accessories 601,2025-05-27 16:46:53
CAT0602,Shoes Range 602,2025-07-01 16:46:53
CAT0603,Music Line 603,2025-11-01 16:46:53
CAT0604,Pet Items 604,2025-01-17 16:46:53
CAT0605,Sports Collection 605,2025-05-31 16:46:53
CAT0606,Tools Essentials 606,2025-10-23 16:46:53
CAT0607,Office Items 607,2025-04-02 16:46:53
CAT0608,Music Essentials 608,2025-05-25 16:46:53
CAT0609,Shoes Supplies 609,2025-04-09 16:46:53
CAT0610,Books Supplies 610,2025-04-28 16:46:53
CAT0611,Arts Equipment 611,2024-12-28 16:46:53
CAT0612,Health Collection 612,2024-11-23 16:46:53
CAT0613,Baby Components 613,2025-02-09 16:46:53
CAT0614,Office Items 614,2025-08-08 16:46:53
CAT0615,Shoes Materials 615,2025-09-08 16:46:53
CAT0616,Office Range 616,2025-05-26 16:46:53
CAT0617,Food Collection 617,2025-05-11 16:46:53
CAT0618,Industrial Products 618,2025-04-24 16:46:53
CAT0619,Shoes Essentials 619,2025-08-17 16:46:53
CAT0620,Clothing Products 620,2025-06-14 16:46:53
CAT0621,Pet Accessories 621,2025-07-20 16:46:53
CAT0622,Office Range 622,2025-02-24 16:46:53
CAT0623,Shoes Components 623,2025-06-02 16:46:53
CAT0624,Food Range 624,2025-03-10 16:46:53
CAT0625,Industrial Accessories 625,2024-12-11 16:46:53
CAT0626,Automotive Items 626,2024-12-05 16:46:53
CAT0627,Pet Series 627,2025-02-25 16:46:53
CAT0628,Garden Materials 628,2024-11-07 16:46:53
CAT0629,Shoes Collection 629,2025-05-12 16:46:53
CAT0630,Food Products 630,2025-07-22 16:46:53
CAT0631,Arts Essentials 631,2025-08-10 16:46:53
CAT0632,Tools Series 632,2025-10-27 16:46:53
CAT0633,Arts Equipment 633,2025-04-13 16:46:53
CAT0634,Beauty Accessories 634,2025-04-18 16:46:53
CAT0635,Garden Goods 635,2024-12-04 16:46:53
CAT0636,Garden Equipment 636,2025-03-24 16:46:53
CAT0637,Shoes Range 637,2025-06-27 16:46:53
CAT0638,Home Range 638,2025-06-24 16:46:53
CAT0639,Food Accessories 639,2025-07-25 16:46:53
CAT0640,Pet Line 640,2025-11-01 16:46:53
CAT0641,Arts Items 641,2025-02-18 16:46:53
CAT0642,Automotive Equipment 642,2025-11-03 16:46:53
CAT0643,Sports Series 643,2025-02-05 16:46:53
CAT0644,Pet Accessories 644,2025-10-09 16:46:53
CAT0645,Music Components 645,2025-08-20 16:46:53
CAT0646,Health Collection 646,2025-05-22 16:46:53
CAT0647,Office Collection 647,2025-08-31 16:46:53
CAT0648,Home Supplies 648,2025-09-04 16:46:53
CAT0649,Food Series 649,2025-07-05 16:46:53
CAT0650,Food Components 650,2025-11-03 16:46:53
CAT0651,Arts Materials 651,2025-01-13 16:46:53
CAT0652,Shoes Equipment 652,2024-12-03 16:46:53
CAT0653,Tools Accessories 653,2025-06-29 16:46:53
CAT0654,Health Materials 654,2025-01-12 16:46:53
CAT0655,Automotive Products 655,2025-03-01 16:46:53
CAT0656,Sports Accessories 656,2025-08-25 16:46:53
CAT0657,Baby Range 657,2025-04-20 16:46:53
CAT0658,Music Series 658,2025-03-19 16:46:53
CAT0659,Garden Goods 659,2025-04-28 16:46:53
CAT0660,Home Supplies 660,2025-01-29 16:46:53
CAT0661,Music Items 661,2025-06-21 16:46:53
CAT0662,Clothing Goods 662,2025-05-08 16:46:53
CAT0663,Automotive Products 663,2025-11-02 16:46:53
CAT0664,Garden Series 664,2025-02-23 16:46:53
CAT0665,Arts Line 665,2025-02-07 16:46:53
CAT0666,Toys Components 666,2024-11-20 16:46:53
CAT0667,Automotive Accessories 667,2025-04-21 16:46:53
CAT0668,Office Materials 668,2025-01-02 16:46:53
CAT0669,Industrial Items 669,2025-05-18 16:46:53
CAT0670,Jewelry Essentials 670,2025-07-28 16:46:53
CAT0671,Music Supplies 671,2025-01-25 16:46:53
CAT0672,Jewelry Collection 672,2025-07-29 16:46:53
CAT0673,Health Range 673,2025-04-20 16:46:53
CAT0674,Industrial Accessories 674,2025-08-08 16:46:53
CAT0675,Sports Essentials 675,2024-12-08 16:46:53
CAT0676,Electronics Essentials 676,2025-01-03 16:46:53
CAT0677,Books Products 677,2025-07-25 16:46:53
CAT0678,Pet Products 678,2025-07-28 16:46:53
CAT0679,Electronics Goods 679,2025-08-24 16:46:53
CAT0680,Beauty Essentials 680,2025-04-01 16:46:53
CAT0681,Office Materials 681,2025-04-16 16:46:53
CAT0682,Jewelry Products 682,2025-06-18 16:46:53
CAT0683,Baby Items 683,2025-07-12 16:46:53
CAT0684,Garden Products 684,2025-10-16 16:46:53
CAT0685,Music Equipment 685,2025-08-10 16:46:53
CAT0686,Clothing Line 686,2025-02-28 16:46:53
CAT0687,Tools Items 687,2025-03-13 16:46:53
CAT0688,Tools Equipment 688,2025-05-18 16:46:53
CAT0689,Industrial Line 689,2024-11-06 16:46:53
CAT0690,Jewelry Products 690,2025-06-28 16:46:53
CAT0691,Industrial Equipment 691,2025-08-07 16:46:53
CAT0692,Automotive Products 692,2025-09-30 16:46:53
CAT0693,Arts Collection 693,2024-12-18 16:46:53
CAT0694,Clothing Items 694,2025-08-22 16:46:53
CAT0695,Home Collection 695,2025-02-18 16:46:53
CAT0696,Books Accessories 696,2025-01-30 16:46:53
CAT0697,Shoes Equipment 697,2025-04-23 16:46:53
CAT0698,Pet Series 698,2025-06-02 16:46:53
CAT0699,Garden Collection 699,2025-02-11 16:46:53
CAT0700,Office Components 700,2025-08-26 16:46:53
CAT0701,Clothing Goods 701,2024-11-28 16:46:53
CAT0702,Industrial Line 702,2024-11-21 16:46:53
CAT0703,Industrial Items 703,2025-08-01 16:46:53
CAT0704,Office Components 704,2025-08-24 16:46:53
CAT0705,Toys Collection 705,2025-04-07 16:46:53
CAT0706,Beauty Collection 706,2025-10-16 16:46:53
CAT0707,Music Accessories 707,2024-12-08 16:46:53
CAT0708,Electronics Essentials 708,2025-09-14 16:46:53
CAT0709,Beauty Materials 709,2025-02-08 16:46:53
CAT0710,Toys Essentials 710,2025-06-16 16:46:53
CAT0711,Industrial Supplies 711,2025-03-13 16:46:53
CAT0712,Industrial Series 712,2025-10-25 16:46:53
CAT0713,Pet Components 713,2025-01-19 16:46:53
CAT0714,Shoes Components 714,2025-10-05 16:46:53
CAT0715,Books Equipment 715,2025-06-11 16:46:53
CAT0716,Office Series 716,2025-03-24 16:46:53
CAT0717,Clothing Equipment 717,2025-07-05 16:46:53
CAT0718,Baby Accessories 718,2025-09-20 16:46:53
CAT0719,Tools Range 719,2025-10-04 16:46:53
CAT0720,Baby Collection 720,2025-04-10 16:46:53
CAT0721,Tools Collection 721,2025-10-15 16:46:53
CAT0722,Food Equipment 722,2025-08-21 16:46:53
CAT0723,Shoes Series 723,2025-11-04 16:46:53
CAT0724,Office Collection 724,2024-12-08 16:46:53
CAT0725,Garden Products 725,2025-07-26 16:46:53
CAT0726,Electronics Items 726,2025-08-24 16:46:53
CAT0727,Sports Equipment 727,2025-05-07 16:46:53
CAT0728,Office Items 728,2025-08-13 16:46:53
CAT0729,Food Materials 729,2025-02-07 16:46:53
CAT0730,Tools Accessories 730,2025-05-16 16:46:53
CAT0731,Baby Items 731,2025-10-16 16:46:53
CAT0732,Office Range 732,2024-12-18 16:46:53
CAT0733,Industrial Materials 733,2025-08-08 16:46:53
CAT0734,Shoes Items 734,2025-07-27 16:46:53
CAT0735,Baby Components 735,2024-12-05 16:46:53
CAT0736,Toys Items 736,2025-02-02 16:46:53
CAT0737,Pet Goods 737,2024-11-29 16:46:53
CAT0738,Jewelry Series 738,2025-03-03 16:46:53
CAT0739,Books Collection 739,2025-05-06 16:46:53
CAT0740,Clothing Components 740,2024-12-24 16:46:53
CAT0741,Electronics Equipment 741,2025-03-12 16:46:53
CAT0742,Sports Range 742,2024-11-07 16:46:53
CAT0743,Pet Range 743,2024-11-20 16:46:53
CAT0744,Home Items 744,2024-11-26 16:46:53
CAT0745,Automotive Series 745,2025-08-23 16:46:53
CAT0746,Books Goods 746,2025-01-28 16:46:53
CAT0747,Tools Goods 747,2025-10-05 16:46:53
CAT0748,Pet Materials 748,2025-04-20 16:46:53
CAT0749,Toys Supplies 749,2024-12-02 16:46:53
CAT0750,Beauty Essentials 750,2025-04-10 16:46:53
CAT0751,Pet Line 751,2025-07-19 16:46:53
CAT0752,Shoes Goods 752,2025-04-13 16:46:53
CAT0753,Garden Line 753,2025-06-28 16:46:53
CAT0754,Home Goods 754,2025-03-20 16:46:53
CAT0755,Industrial Range 755,2025-02-03 16:46:53
CAT0756,Garden Series 756,2025-09-17 16:46:53
CAT0757,Food Items 757,2025-04-18 16:46:53
CAT0758,Electronics Range 758,2025-08-28 16:46:53
CAT0759,Arts Series 759,2025-01-03 16:46:53
CAT0760,Industrial Line 760,2025-03-25 16:46:53
CAT0761,Sports Series 761,2024-11-20 16:46:53
CAT0762,Baby Line 762,2025-04-03 16:46:53
CAT0763,Industrial Series 763,2025-10-18 16:46:53
CAT0764,Home Items 764,2025-04-25 16:46:53
CAT0765,Clothing Goods 765,2024-12-30 16:46:53
CAT0766,Sports Supplies 766,2024-11-22 16:46:53
CAT0767,Toys Components 767,2025-04-01 16:46:53
CAT0768,Automotive Products 768,2025-04-05 16:46:53
CAT0769,Toys Line 769,2025-05-04 16:46:53
CAT0770,Clothing Line 770,2024-11-07 16:46:53
CAT0771,Tools Accessories 771,2025-06-09 16:46:53
CAT0772,Baby Components 772,2025-06-02 16:46:53
CAT0773,Industrial Essentials 773,2025-04-17 16:46:53
CAT0774,Pet Series 774,2025-02-24 16:46:53
CAT0775,Automotive Line 775,2024-12-09 16:46:53
CAT0776,Garden Items 776,2025-04-26 16:46:53
CAT0777,Toys Line 777,2025-03-20 16:46:53
CAT0778,Books Equipment 778,2025-10-03 16:46:53
CAT0779,Office Supplies 779,2025-03-26 16:46:53
CAT0780,Toys Line 780,2025-01-22 16:46:53
CAT0781,Pet Range 781,2025-06-27 16:46:53
CAT0782,Books Range 782,2025-07-04 16:46:53
CAT0783,Automotive Essentials 783,2025-02-03 16:46:53
CAT0784,Sports Line 784,2025-04-20 16:46:53
CAT0785,Beauty Range 785,2025-10-30 16:46:53
CAT0786,Music Accessories 786,2024-11-30 16:46:53
CAT0787,Baby Essentials 787,2025-06-19 16:46:53
CAT0788,Sports Collection 788,2025-03-05 16:46:53
CAT0789,Arts Equipment 789,2025-08-06 16:46:53
CAT0790,Beauty Essentials 790,2024-12-11 16:46:53
CAT0791,Sports Collection 791,2025-03-09 16:46:53
CAT0792,Electronics Essentials 792,2025-10-02 16:46:53
CAT0793,Baby Items 793,2025-07-18 16:46:53
CAT0794,Arts Collection 794,2025-02-24 16:46:53
CAT0795,Shoes Products 795,2024-11-06 16:46:53
CAT0796,Industrial Line 796,2025-04-26 16:46:53
CAT0797,Industrial Collection 797,2025-01-28 16:46:53
CAT0798,Arts Items 798,2025-05-14 16:46:53
CAT0799,Toys Materials 799,2025-01-31 16:46:53
CAT0800,Home Collection 800,2024-12-19 16:46:53
CAT0801,Food Supplies 801,2025-10-06 16:46:53
CAT0802,Health Accessories 802,2025-01-25 16:46:53
CAT0803,Industrial Essentials 803,2025-01-16 16:46:53
CAT0804,Home Range 804,2025-05-23 16:46:53
CAT0805,Food Collection 805,2025-04-05 16:46:53
CAT0806,Automotive Supplies 806,2025-09-11 16:46:53
CAT0807,Electronics Components 807,2025-10-03 16:46:53
CAT0808,Food Range 808,2025-03-23 16:46:53
CAT0809,Arts Collection 809,2024-12-18 16:46:53
CAT0810,Shoes Components 810,2025-05-02 16:46:53
CAT0811,Industrial Equipment 811,2024-12-04 16:46:53
CAT0812,Toys Items 812,2025-05-27 16:46:53
CAT0813,Books Essentials 813,2025-01-16 16:46:53
CAT0814,Toys Goods 814,2024-12-01 16:46:53
CAT0815,Automotive Essentials 815,2025-09-11 16:46:53
CAT0816,Sports Equipment 816,2025-10-23 16:46:53
CAT0817,Sports Essentials 817,2025-02-07 16:46:53
CAT0818,Industrial Goods 818,2025-03-21 16:46:53
CAT0819,Baby Products 819,2025-07-18 16:46:53
CAT0820,Industrial Equipment 820,2025-05-18 16:46:53
CAT0821,Pet Goods 821,2025-06-08 16:46:53
CAT0822,Electronics Products 822,2025-11-03 16:46:53
CAT0823,Automotive Accessories 823,2025-01-27 16:46:53
CAT0824,Toys Series 824,2025-09-05 16:46:53
CAT0825,Shoes Accessories 825,2024-12-06 16:46:53
CAT0826,Food Range 826,2025-09-15 16:46:53
CAT0827,Clothing Accessories 827,2025-03-31 16:46:53
CAT0828,Pet Products 828,2025-01-07 16:46:53
CAT0829,Clothing Collection 829,2025-10-26 16:46:53
CAT0830,Health Accessories 830,2025-04-17 16:46:53
CAT0831,Home Supplies 831,2024-12-27 16:46:53
CAT0832,Toys Collection 832,2025-06-06 16:46:53
CAT0833,Garden Series 833,2025-05-13 16:46:53
CAT0834,Clothing Collection 834,2025-06-13 16:46:53
CAT0835,Jewelry Products 835,2025-05-03 16:46:53
CAT0836,Shoes Essentials 836,2025-10-18 16:46:53
CAT0837,Industrial Materials 837,2025-04-22 16:46:53
CAT0838,Garden Materials 838,2025-02-16 16:46:53
CAT0839,Clothing Products 839,2025-07-29 16:46:53
CAT0840,Beauty Products 840,2025-07-13 16:46:53
CAT0841,Clothing Series 841,2025-10-17 16:46:53
CAT0842,Industrial Materials 842,2025-06-29 16:46:53
CAT0843,Shoes Series 843,2025-10-06 16:46:53
CAT0844,Books Materials 844,2025-02-17 16:46:53
CAT0845,Automotive Materials 845,2025-01-02 16:46:53
CAT0846,Office Range 846,2025-03-07 16:46:53
CAT0847,Office Items 847,2024-12-23 16:46:53
CAT0848,Toys Accessories 848,2025-03-08 16:46:53
CAT0849,Jewelry Line 849,2024-12-10 16:46:53
CAT0850,Electronics Components 850,2024-11-05 16:46:53
CAT0851,Jewelry Supplies 851,2024-11-12 16:46:53
CAT0852,Electronics Line 852,2025-08-20 16:46:53
CAT0853,Garden Line 853,2025-10-27 16:46:53
CAT0854,Food Collection 854,2025-02-02 16:46:53
CAT0855,Tools Goods 855,2025-01-02 16:46:53
CAT0856,Music Goods 856,2025-06-03 16:46:53
CAT0857,Sports Essentials 857,2025-02-09 16:46:53
CAT0858,Books Line 858,2025-10-07 16:46:53
CAT0859,Sports Range 859,2025-05-08 16:46:53
CAT0860,Toys Goods 860,2025-08-07 16:46:53
CAT0861,Toys Collection 861,2025-09-28 16:46:53
CAT0862,Baby Line 862,2024-12-09 16:46:53
CAT0863,Tools Essentials 863,2025-07-24 16:46:53
CAT0864,Clothing Materials 864,2025-04-08 16:46:53
CAT0865,Toys Equipment 865,2025-05-31 16:46:53
CAT0866,Health Collection 866,2025-01-13 16:46:53
CAT0867,Health Series 867,2024-11-19 16:46:53
CAT0868,Electronics Series 868,2025-05-08 16:46:53
CAT0869,Clothing Essentials 869,2025-04-28 16:46:53
CAT0870,Music Series 870,2025-10-25 16:46:53
CAT0871,Health Components 871,2025-09-08 16:46:53
CAT0872,Home Products 872,2025-10-09 16:46:53
CAT0873,Garden Range 873,2025-05-12 16:46:53
CAT0874,Sports Materials 874,2025-07-26 16:46:53
CAT0875,Arts Series 875,2024-12-16 16:46:53
CAT0876,Food Line 876,2025-02-02 16:46:53
CAT0877,Books Products 877,2025-02-13 16:46:53
CAT0878,Automotive Products 878,2025-01-23 16:46:53
CAT0879,Pet Series 879,2024-11-26 16:46:53
CAT0880,Office Line 880,2025-08-01 16:46:53
CAT0881,Pet Equipment 881,2025-08-07 16:46:53
CAT0882,Music Essentials 882,2025-06-07 16:46:53
CAT0883,Arts Supplies 883,2024-11-14 16:46:53
CAT0884,Pet Accessories 884,2024-12-19 16:46:53
CAT0885,Jewelry Accessories 885,2025-04-11 16:46:53
CAT0886,Toys Range 886,2024-11-29 16:46:53
CAT0887,Baby Products 887,2025-01-31 16:46:53
CAT0888,Shoes Line 888,2025-05-04 16:46:53
CAT0889,Automotive Products 889,2025-04-02 16:46:53
CAT0890,Books Items 890,2025-01-23 16:46:53
CAT0891,Arts Line 891,2025-05-17 16:46:53
CAT0892,Arts Line 892,2025-11-04 16:46:53
CAT0893,Electronics Accessories 893,2025-07-10 16:46:53
CAT0894,Automotive Accessories 894,2025-05-13 16:46:53
CAT0895,Automotive Accessories 895,2025-02-27 16:46:53
CAT0896,Electronics Collection 896,2025-09-30 16:46:53
CAT0897,Shoes Materials 897,2024-11-16 16:46:53
CAT0898,Sports Accessories 898,2025-01-11 16:46:53
CAT0899,Sports Range 899,2025-05-16 16:46:53
CAT0900,Industrial Components 900,2025-08-16 16:46:53
CAT0901,Toys Line 901,2025-03-18 16:46:53
CAT0902,Clothing Supplies 902,2024-12-02 16:46:53
CAT0903,Music Collection 903,2025-03-06 16:46:53
CAT0904,Health Materials 904,2025-07-31 16:46:53
CAT0905,Arts Materials 905,2025-04-22 16:46:53
CAT0906,Baby Line 906,2025-09-13 16:46:53
CAT0907,Industrial Accessories 907,2025-07-14 16:46:53
CAT0908,Garden Range 908,2025-03-01 16:46:53
CAT0909,Office Series 909,2025-05-09 16:46:53
CAT0910,Music Line 910,2024-12-01 16:46:53
CAT0911,Health Equipment 911,2024-11-09 16:46:53
CAT0912,Toys Essentials 912,2025-01-22 16:46:53
CAT0913,Toys Products 913,2025-05-13 16:46:53
CAT0914,Arts Essentials 914,2025-01-21 16:46:53
CAT0915,Health Components 915,2025-07-22 16:46:53
CAT0916,Garden Series 916,2024-11-09 16:46:53
CAT0917,Garden Components 917,2025-06-22 16:46:53
CAT0918,Garden Essentials 918,2024-12-31 16:46:53
CAT0919,Electronics Series 919,2025-01-04 16:46:53
CAT0920,Industrial Goods 920,2024-12-08 16:46:53
CAT0921,Food Equipment 921,2025-05-23 16:46:53
CAT0922,Arts Supplies 922,2025-04-03 16:46:53
CAT0923,Clothing Equipment 923,2025-06-14 16:46:53
CAT0924,Jewelry Accessories 924,2025-05-12 16:46:53
CAT0925,Books Accessories 925,2025-04-18 16:46:53
CAT0926,Clothing Products 926,2025-10-14 16:46:53
CAT0927,Food Items 927,2024-11-25 16:46:53
CAT0928,Tools Goods 928,2024-11-05 16:46:53
CAT0929,Baby Materials 929,2025-05-10 16:46:53
CAT0930,Baby Equipment 930,2025-02-12 16:46:53
CAT0931,Health Equipment 931,2025-09-19 16:46:53
CAT0932,Office Collection 932,2025-04-30 16:46:53
CAT0933,Music Supplies 933,2025-05-25 16:46:53
CAT0934,Automotive Essentials 934,2025-06-17 16:46:53
CAT0935,Pet Products 935,2025-09-04 16:46:53
CAT0936,Food Equipment 936,2025-08-04 16:46:53
CAT0937,Sports Series 937,2025-05-25 16:46:53
CAT0938,Clothing Components 938,2025-03-18 16:46:53
CAT0939,Electronics Collection 939,2025-10-04 16:46:53
CAT0940,Home Line 940,2025-01-08 16:46:53
CAT0941,Music Components 941,2025-04-07 16:46:53
CAT0942,Tools Items 942,2025-05-05 16:46:53
CAT0943,Arts Accessories 943,2025-07-31 16:46:53
CAT0944,Pet Items 944,2025-08-13 16:46:53
CAT0945,Industrial Range 945,2025-10-09 16:46:53
CAT0946,Automotive Series 946,2025-07-16 16:46:53
CAT0947,Sports Series 947,2025-04-10 16:46:53
CAT0948,Garden Range 948,2025-06-25 16:46:53
CAT0949,Office Line 949,2025-09-28 16:46:53
CAT0950,Home Materials 950,2025-10-01 16:46:53
CAT0951,Sports Line 951,2024-11-11 16:46:53
CAT0952,Electronics Products 952,2025-07-10 16:46:53
CAT0953,Home Essentials 953,2025-06-29 16:46:53
CAT0954,Arts Supplies 954,2025-05-07 16:46:53
CAT0955,Music Products 955,2025-01-31 16:46:53
CAT0956,Pet Products 956,2025-05-02 16:46:53
CAT0957,Pet Range 957,2025-04-24 16:46:53
CAT0958,Music Items 958,2024-12-06 16:46:53
CAT0959,Tools Components 959,2025-03-13 16:46:53
CAT0960,Automotive Series 960,2025-03-20 16:46:53
CAT0961,Jewelry Essentials 961,2025-04-06 16:46:53
CAT0962,Jewelry Supplies 962,2024-12-14 16:46:53
CAT0963,Clothing Essentials 963,2025-03-27 16:46:53
CAT0964,Shoes Components 964,2025-03-04 16:46:53
CAT0965,Pet Essentials 965,2025-01-28 16:46:53
CAT0966,Books Series 966,2024-11-28 16:46:53
CAT0967,Jewelry Items 967,2025-06-03 16:46:53
CAT0968,Baby Accessories 968,2025-03-02 16:46:53
CAT0969,Jewelry Products 969,2025-09-16 16:46:53
CAT0970,Clothing Products 970,2025-04-01 16:46:53
CAT0971,Automotive Products 971,2025-03-10 16:46:53
CAT0972,Food Series 972,2025-06-22 16:46:53
CAT0973,Clothing Series 973,2024-12-23 16:46:53
CAT0974,Clothing Line 974,2025-06-16 16:46:53
CAT0975,Home Accessories 975,2025-03-13 16:46:53
CAT0976,Baby Products 976,2025-09-28 16:46:53
CAT0977,Beauty Line 977,2025-06-30 16:46:53
CAT0978,Office Equipment 978,2025-06-21 16:46:53
CAT0979,Garden Components 979,2025-03-31 16:46:53
CAT0980,Toys Components 980,2025-10-14 16:46:53
CAT0981,Electronics Accessories 981,2024-11-19 16:46:53
CAT0982,Garden Essentials 982,2025-05-18 16:46:53
CAT0983,Music Accessories 983,2025-04-25 16:46:53
CAT0984,Pet Products 984,2025-09-07 16:46:53
CAT0985,Shoes Materials 985,2025-02-15 16:46:53
CAT0986,Music Products 986,2025-04-30 16:46:53
CAT0987,Garden Items 987,2025-04-22 16:46:53
CAT0988,Music Line 988,2025-04-28 16:46:53
CAT0989,Electronics Products 989,2025-06-16 16:46:53
CAT0990,Food Supplies 990,2025-04-01 16:46:53
CAT0991,Books Accessories 991,2025-07-28 16:46:53
CAT0992,Industrial Accessories 992,2025-10-29 16:46:53
CAT0993,Baby Products 993,2025-06-28 16:46:53
CAT0994,Clothing Materials 994,2025-08-14 16:46:53
CAT0995,Office Equipment 995,2025-05-14 16:46:53
CAT0996,Clothing Accessories 996,2025-09-22 16:46:53
CAT0997,Beauty Components 997,2025-01-13 16:46:53
CAT0998,Pet Essentials 998,2024-11-30 16:46:53
CAT0999,Health Materials 999,2025-06-23 16:46:53
CAT1000,Jewelry Components 1000,2025-08-13 16:46:53
CAT1001,Jewelry Items 1001,2024-12-20 16:46:53
CAT1002,Office Collection 1002,2025-07-13 16:46:53
CAT1003,Arts Series 1003,2025-07-05 16:46:53
CAT1004,Health Essentials 1004,2025-05-10 16:46:53
CAT1005,Sports Collection 1005,2025-07-03 16:46:53
CAT1006,Music Series 1006,2025-09-02 16:46:53
CAT1007,Toys Materials 1007,2025-05-11 16:46:53
CAT1008,Beauty Goods 1008,2025-07-19 16:46:53
CAT1009,Automotive Items 1009,2025-04-03 16:46:53
CAT1010,Sports Range 1010,2025-04-15 16:46:53
CAT1011,Music Collection 1011,2025-05-30 16:46:53
CAT1012,Pet Line 1012,2025-10-14 16:46:53
CAT1013,Garden Line 1013,2025-10-18 16:46:53
CAT1014,Electronics Products 1014,2025-03-30 16:46:53
CAT1015,Clothing Accessories 1015,2025-01-29 16:46:53
CAT1016,Home Collection 1016,2024-12-18 16:46:53
CAT1017,Automotive Range 1017,2025-06-02 16:46:53
CAT1018,Food Series 1018,2025-07-28 16:46:53
CAT1019,Industrial Equipment 1019,2025-03-31 16:46:53
CAT1020,Beauty Accessories 1020,2025-09-20 16:46:53
CAT1021,Baby Accessories 1021,2024-12-12 16:46:53
CAT1022,Baby Equipment 1022,2025-06-23 16:46:53
CAT1023,Food Collection 1023,2025-03-17 16:46:53
CAT1024,Beauty Essentials 1024,2025-08-07 16:46:53
CAT1025,Toys Accessories 1025,2024-12-14 16:46:53
CAT1026,Sports Components 1026,2025-06-04 16:46:53
CAT1027,Food Products 1027,2025-01-10 16:46:53
CAT1028,Books Items 1028,2025-11-04 16:46:53
CAT1029,Clothing Series 1029,2024-11-29 16:46:53
CAT1030,Arts Products 1030,2025-04-17 16:46:53
CAT1031,Books Products 1031,2025-02-25 16:46:53
CAT1032,Sports Series 1032,2025-08-25 16:46:53
CAT1033,Garden Goods 1033,2025-09-06 16:46:53
CAT1034,Electronics Materials 1034,2025-08-17 16:46:53
CAT1035,Health Accessories 1035,2024-12-03 16:46:53
CAT1036,Home Range 1036,2025-07-03 16:46:53
CAT1037,Baby Items 1037,2025-06-05 16:46:53
CAT1038,Shoes Accessories 1038,2025-05-25 16:46:53
CAT1039,Beauty Products 1039,2025-01-09 16:46:53
CAT1040,Home Components 1040,2025-06-10 16:46:53
CAT1041,Clothing Accessories 1041,2024-11-06 16:46:53
CAT1042,Clothing Collection 1042,2024-11-14 16:46:53
CAT1043,Beauty Essentials 1043,2025-09-04 16:46:53
CAT1044,Sports Equipment 1044,2025-07-24 16:46:53
CAT1045,Sports Accessories 1045,2025-06-25 16:46:53
CAT1046,Automotive Components 1046,2024-12-13 16:46:53
CAT1047,Shoes Range 1047,2025-05-11 16:46:53
CAT1048,Clothing Items 1048,2025-08-22 16:46:53
CAT1049,Books Equipment 1049,2025-07-09 16:46:53
CAT1050,Jewelry Series 1050,2025-10-28 16:46:53
CAT1051,Toys Essentials 1051,2025-01-16 16:46:53
CAT1052,Music Materials 1052,2025-08-07 16:46:53
CAT1053,Garden Accessories 1053,2025-01-17 16:46:53
CAT1054,Books Essentials 1054,2025-10-26 16:46:53
CAT1055,Books Products 1055,2025-03-15 16:46:53
CAT1056,Toys Essentials 1056,2025-05-26 16:46:53
CAT1057,Electronics Components 1057,2025-07-20 16:46:53
CAT1058,Jewelry Collection 1058,2025-10-17 16:46:53
CAT1059,Automotive Accessories 1059,2025-04-07 16:46:53
CAT1060,Garden Series 1060,2025-03-17 16:46:53
CAT1061,Office Essentials 1061,2025-01-08 16:46:53
CAT1062,Tools Range 1062,2025-10-12 16:46:53
CAT1063,Home Items 1063,2024-11-18 16:46:53
CAT1064,Automotive Range 1064,2025-06-03 16:46:53
CAT1065,Arts Materials 1065,2025-01-27 16:46:53
CAT1066,Pet Collection 1066,2024-11-26 16:46:53
CAT1067,Office Equipment 1067,2025-11-04 16:46:53
CAT1068,Home Items 1068,2024-11-08 16:46:53
CAT1069,Industrial Essentials 1069,2025-03-18 16:46:53
CAT1070,Music Components 1070,2025-02-18 16:46:53
CAT1071,Home Collection 1071,2024-12-13 16:46:53
CAT1072,Beauty Accessories 1072,2025-06-12 16:46:53
CAT1073,Garden Range 1073,2025-04-16 16:46:53
CAT1074,Toys Range 1074,2025-01-21 16:46:53
CAT1075,Automotive Collection 1075,2025-11-05 16:46:53
CAT1076,Industrial Components 1076,2025-03-16 16:46:53
CAT1077,Beauty Products 1077,2025-04-21 16:46:53
CAT1078,Office Goods 1078,2025-06-04 16:46:53
CAT1079,Toys Products 1079,2025-07-20 16:46:53
CAT1080,Toys Materials 1080,2025-03-05 16:46:53
CAT1081,Home Components 1081,2025-04-28 16:46:53
CAT1082,Electronics Essentials 1082,2025-05-29 16:46:53
CAT1083,Arts Materials 1083,2025-07-25 16:46:53
CAT1084,Automotive Accessories 1084,2025-03-28 16:46:53
CAT1085,Clothing Collection 1085,2025-05-19 16:46:53
CAT1086,Music Collection 1086,2025-05-06 16:46:53
CAT1087,Industrial Equipment 1087,2025-07-13 16:46:53
CAT1088,Beauty Goods 1088,2025-01-05 16:46:53
CAT1089,Industrial Accessories 1089,2024-12-05 16:46:53
CAT1090,Electronics Equipment 1090,2024-12-06 16:46:53
CAT1091,Automotive Series 1091,2025-02-08 16:46:53
CAT1092,Beauty Collection 1092,2025-02-26 16:46:53
CAT1093,Industrial Materials 1093,2025-08-21 16:46:53
CAT1094,Toys Range 1094,2025-10-23 16:46:53
CAT1095,Tools Products 1095,2025-01-31 16:46:53
CAT1096,Industrial Supplies 1096,2024-12-18 16:46:53
CAT1097,Arts Line 1097,2025-11-03 16:46:53
CAT1098,Home Items 1098,2025-10-29 16:46:53
CAT1099,Jewelry Collection 1099,2024-11-29 16:46:53
CAT1100,Home Accessories 1100,2024-11-20 16:46:53
CAT1101,Pet Materials 1101,2025-02-08 16:46:53
CAT1102,Tools Products 1102,2025-07-10 16:46:53
CAT1103,Music Range 1103,2024-12-14 16:46:53
CAT1104,Jewelry Essentials 1104,2025-10-27 16:46:53
CAT1105,Tools Products 1105,2025-06-04 16:46:53
CAT1106,Sports Items 1106,2025-10-21 16:46:53
CAT1107,Food Components 1107,2025-05-06 16:46:53
CAT1108,Industrial Goods 1108,2025-09-22 16:46:53
CAT1109,Food Components 1109,2024-12-21 16:46:53
CAT1110,Tools Essentials 1110,2025-06-14 16:46:53
CAT1111,Jewelry Supplies 1111,2025-03-12 16:46:53
CAT1112,Food Products 1112,2025-08-08 16:46:53
CAT1113,Food Supplies 1113,2025-06-18 16:46:53
CAT1114,Beauty Supplies 1114,2025-09-15 16:46:53
CAT1115,Pet Items 1115,2025-05-19 16:46:53
CAT1116,Home Essentials 1116,2025-04-13 16:46:53
CAT1117,Pet Series 1117,2025-10-16 16:46:53
CAT1118,Beauty Collection 1118,2025-09-22 16:46:53
CAT1119,Music Products 1119,2025-11-05 16:46:53
CAT1120,Clothing Range 1120,2025-07-21 16:46:53
CAT1121,Arts Collection 1121,2024-12-20 16:46:53
CAT1122,Tools Components 1122,2024-12-31 16:46:53
CAT1123,Garden Equipment 1123,2024-12-28 16:46:53
CAT1124,Office Goods 1124,2025-06-16 16:46:53
CAT1125,Tools Products 1125,2025-09-18 16:46:53
CAT1126,Food Materials 1126,2025-07-05 16:46:53
CAT1127,Jewelry Supplies 1127,2025-04-15 16:46:53
CAT1128,Home Collection 1128,2025-10-27 16:46:53
CAT1129,Music Essentials 1129,2025-01-02 16:46:53
CAT1130,Food Essentials 1130,2025-04-16 16:46:53
CAT1131,Industrial Items 1131,2025-09-28 16:46:53
CAT1132,Baby Series 1132,2024-11-29 16:46:53
CAT1133,Electronics Goods 1133,2025-04-16 16:46:53
CAT1134,Jewelry Equipment 1134,2025-11-02 16:46:53
CAT1135,Clothing Components 1135,2025-04-20 16:46:53
CAT1136,Music Essentials 1136,2025-04-26 16:46:53
CAT1137,Home Accessories 1137,2025-09-17 16:46:53
CAT1138,Health Components 1138,2025-10-29 16:46:53
CAT1139,Office Range 1139,2024-12-18 16:46:53
CAT1140,Shoes Goods 1140,2025-07-05 16:46:53
CAT1141,Office Items 1141,2025-03-21 16:46:53
CAT1142,Pet Essentials 1142,2025-01-05 16:46:53
CAT1143,Tools Accessories 1143,2025-11-03 16:46:53
CAT1144,Arts Materials 1144,2025-07-09 16:46:53
CAT1145,Beauty Goods 1145,2025-03-19 16:46:53
CAT1146,Home Accessories 1146,2025-06-05 16:46:53
CAT1147,Tools Equipment 1147,2025-04-27 16:46:53
CAT1148,Shoes Goods 1148,2025-02-18 16:46:53
CAT1149,Beauty Items 1149,2025-04-26 16:46:53
CAT1150,Toys Supplies 1150,2025-10-24 16:46:53
CAT1151,Shoes Line 1151,2025-05-02 16:46:53
CAT1152,Electronics Accessories 1152,2025-06-16 16:46:53
CAT1153,Beauty Range 1153,2025-06-15 16:46:53
CAT1154,Tools Essentials 1154,2025-04-06 16:46:53
CAT1155,Office Accessories 1155,2025-07-02 16:46:53
CAT1156,Food Line 1156,2025-03-21 16:46:53
CAT1157,Jewelry Supplies 1157,2025-06-30 16:46:53
CAT1158,Electronics Items 1158,2025-06-12 16:46:53
CAT1159,Baby Range 1159,2025-04-22 16:46:53
CAT1160,Jewelry Goods 1160,2025-11-03 16:46:53
CAT1161,Health Supplies 1161,2025-03-18 16:46:53
CAT1162,Automotive Materials 1162,2025-08-17 16:46:53
CAT1163,Sports Range 1163,2025-02-21 16:46:53
CAT1164,Shoes Products 1164,2025-07-27 16:46:53
CAT1165,Office Products 1165,2025-02-03 16:46:53
CAT1166,Clothing Line 1166,2025-06-11 16:46:53
CAT1167,Home Collection 1167,2025-02-28 16:46:53
CAT1168,Electronics Items 1168,2024-11-29 16:46:53
CAT1169,Clothing Collection 1169,2025-04-17 16:46:53
CAT1170,Shoes Series 1170,2025-08-26 16:46:53
CAT1171,Food Line 1171,2024-11-23 16:46:53
CAT1172,Health Components 1172,2024-11-27 16:46:53
CAT1173,Arts Essentials 1173,2025-06-29 16:46:53
CAT1174,Garden Equipment 1174,2025-05-10 16:46:53
CAT1175,Clothing Goods 1175,2025-01-19 16:46:53
CAT1176,Food Essentials 1176,2025-10-28 16:46:53
CAT1177,Pet Essentials 1177,2025-04-18 16:46:53
CAT1178,Jewelry Goods 1178,2025-03-25 16:46:53
CAT1179,Arts Supplies 1179,2025-08-08 16:46:53
CAT1180,Jewelry Components 1180,2025-08-31 16:46:53
CAT1181,Music Supplies 1181,2025-05-30 16:46:53
CAT1182,Automotive Series 1182,2025-03-23 16:46:53
CAT1183,Sports Range 1183,2025-01-21 16:46:53
CAT1184,Baby Supplies 1184,2025-02-21 16:46:53
CAT1185,Baby Equipment 1185,2025-07-15 16:46:53
CAT1186,Electronics Collection 1186,2025-10-08 16:46:53
CAT1187,Sports Supplies 1187,2025-06-24 16:46:53
CAT1188,Jewelry Goods 1188,2024-11-07 16:46:53
CAT1189,Tools Accessories 1189,2025-09-20 16:46:53
CAT1190,Pet Line 1190,2025-10-06 16:46:53
CAT1191,Beauty Supplies 1191,2025-01-09 16:46:53
CAT1192,Automotive Items 1192,2025-04-21 16:46:53
CAT1193,Shoes Series 1193,2025-06-15 16:46:53
CAT1194,Automotive Series 1194,2025-08-21 16:46:53
CAT1195,Sports Line 1195,2025-05-08 16:46:53
CAT1196,Garden Goods 1196,2025-08-23 16:46:53
CAT1197,Health Items 1197,2025-10-27 16:46:53
CAT1198,Toys Equipment 1198,2025-05-16 16:46:53
CAT1199,Pet Components 1199,2024-11-21 16:46:53
CAT1200,Clothing Materials 1200,2025-06-22 16:46:53
CAT1201,Books Accessories 1201,2025-01-28 16:46:53
CAT1202,Books Items 1202,2024-11-30 16:46:53
CAT1203,Beauty Materials 1203,2025-08-19 16:46:53
CAT1204,Music Range 1204,2025-10-25 16:46:53
CAT1205,Books Items 1205,2025-01-13 16:46:53
CAT1206,Beauty Series 1206,2025-02-05 16:46:53
CAT1207,Shoes Equipment 1207,2025-06-22 16:46:53
CAT1208,Arts Materials 1208,2025-04-24 16:46:53
CAT1209,Music Items 1209,2025-05-16 16:46:53
CAT1210,Jewelry Equipment 1210,2025-02-13 16:46:53
CAT1211,Food Series 1211,2025-10-02 16:46:53
CAT1212,Tools Series 1212,2025-07-09 16:46:53
CAT1213,Arts Accessories 1213,2025-07-08 16:46:53
CAT1214,Jewelry Accessories 1214,2025-01-10 16:46:53
CAT1215,Office Accessories 1215,2024-11-10 16:46:53
CAT1216,Baby Supplies 1216,2025-10-24 16:46:53
CAT1217,Arts Goods 1217,2025-10-24 16:46:53
CAT1218,Health Goods 1218,2025-05-20 16:46:53
CAT1219,Health Materials 1219,2025-01-02 16:46:53
CAT1220,Garden Line 1220,2025-03-10 16:46:53
CAT1221,Jewelry Equipment 1221,2025-05-16 16:46:53
CAT1222,Clothing Collection 1222,2025-01-16 16:46:53
CAT1223,Sports Accessories 1223,2025-07-11 16:46:53
CAT1224,Garden Supplies 1224,2024-11-24 16:46:53
CAT1225,Sports Equipment 1225,2024-12-29 16:46:53
CAT1226,Garden Items 1226,2024-11-23 16:46:53
CAT1227,Tools Series 1227,2025-03-01 16:46:53
CAT1228,Arts Series 1228,2025-09-18 16:46:53
CAT1229,Toys Equipment 1229,2025-03-04 16:46:53
CAT1230,Tools Goods 1230,2025-07-19 16:46:53
CAT1231,Baby Materials 1231,2025-07-13 16:46:53
CAT1232,Garden Equipment 1232,2025-05-28 16:46:53
CAT1233,Automotive Supplies 1233,2025-04-15 16:46:53
CAT1234,Baby Materials 1234,2025-05-01 16:46:53
CAT1235,Health Line 1235,2025-04-25 16:46:53
CAT1236,Jewelry Equipment 1236,2024-11-30 16:46:53
CAT1237,Food Items 1237,2025-10-30 16:46:53
CAT1238,Books Products 1238,2025-01-05 16:46:53
CAT1239,Automotive Accessories 1239,2025-06-08 16:46:53
CAT1240,Electronics Range 1240,2025-04-21 16:46:53
CAT1241,Shoes Goods 1241,2025-01-06 16:46:53
CAT1242,Baby Materials 1242,2025-01-26 16:46:53
CAT1243,Beauty Products 1243,2025-01-18 16:46:53
CAT1244,Toys Essentials 1244,2025-04-02 16:46:53
CAT1245,Shoes Products 1245,2025-10-03 16:46:53
CAT1246,Baby Accessories 1246,2025-03-25 16:46:53
CAT1247,Jewelry Essentials 1247,2025-08-22 16:46:53
CAT1248,Beauty Products 1248,2025-10-26 16:46:53
CAT1249,Industrial Components 1249,2025-08-16 16:46:53
CAT1250,Pet Equipment 1250,2024-11-06 16:46:53
CAT1251,Arts Equipment 1251,2025-06-27 16:46:53
CAT1252,Clothing Essentials 1252,2025-08-10 16:46:53
CAT1253,Clothing Accessories 1253,2025-04-23 16:46:53
CAT1254,Pet Essentials 1254,2025-03-14 16:46:53
CAT1255,Home Series 1255,2024-11-28 16:46:53
CAT1256,Baby Products 1256,2025-01-25 16:46:53
CAT1257,Jewelry Items 1257,2025-09-24 16:46:53
CAT1258,Home Accessories 1258,2025-09-04 16:46:53
CAT1259,Health Components 1259,2025-10-13 16:46:53
CAT1260,Garden Goods 1260,2025-05-01 16:46:53
CAT1261,Home Materials 1261,2025-07-20 16:46:53
CAT1262,Health Equipment 1262,2024-12-22 16:46:53
CAT1263,Pet Accessories 1263,2025-07-11 16:46:53
CAT1264,Garden Series 1264,2025-07-09 16:46:53
CAT1265,Arts Products 1265,2024-11-22 16:46:53
CAT1266,Office Equipment 1266,2025-04-06 16:46:53
CAT1267,Shoes Range 1267,2024-12-27 16:46:53
CAT1268,Sports Components 1268,2024-12-07 16:46:53
CAT1269,Jewelry Accessories 1269,2025-03-02 16:46:53
CAT1270,Health Series 1270,2025-03-19 16:46:53
CAT1271,Garden Supplies 1271,2024-12-15 16:46:53
CAT1272,Office Accessories 1272,2025-07-27 16:46:53
CAT1273,Shoes Items 1273,2024-12-25 16:46:53
CAT1274,Beauty Collection 1274,2025-05-18 16:46:53
CAT1275,Jewelry Items 1275,2025-09-06 16:46:53
CAT1276,Clothing Products 1276,2025-01-10 16:46:53
CAT1277,Garden Series 1277,2025-05-21 16:46:53
CAT1278,Sports Equipment 1278,2025-10-15 16:46:53
CAT1279,Music Goods 1279,2025-01-21 16:46:53
CAT1280,Shoes Series 1280,2025-01-05 16:46:53
CAT1281,Home Essentials 1281,2025-06-21 16:46:53
CAT1282,Baby Supplies 1282,2024-12-27 16:46:53
CAT1283,Pet Products 1283,2025-03-12 16:46:53
CAT1284,Home Items 1284,2025-08-21 16:46:53
CAT1285,Automotive Equipment 1285,2025-01-19 16:46:53
CAT1286,Toys Materials 1286,2025-01-05 16:46:53
CAT1287,Industrial Collection 1287,2025-10-04 16:46:53
CAT1288,Jewelry Goods 1288,2025-05-26 16:46:53
CAT1289,Shoes Accessories 1289,2024-11-16 16:46:53
CAT1290,Home Line 1290,2025-11-04 16:46:53
CAT1291,Shoes Line 1291,2025-09-12 16:46:53
CAT1292,Shoes Supplies 1292,2025-01-04 16:46:53
CAT1293,Baby Range 1293,2025-05-08 16:46:53
CAT1294,Industrial Supplies 1294,2025-10-10 16:46:53
CAT1295,Toys Components 1295,2025-08-20 16:46:53
CAT1296,Electronics Items 1296,2025-01-18 16:46:53
CAT1297,Books Range 1297,2024-11-18 16:46:53
CAT1298,Office Accessories 1298,2024-11-21 16:46:53
CAT1299,Music Products 1299,2025-07-07 16:46:53
CAT1300,Office Line 1300,2025-05-27 16:46:53
CAT1301,Jewelry Line 1301,2025-04-16 16:46:53
CAT1302,Sports Items 1302,2024-11-19 16:46:53
CAT1303,Arts Supplies 1303,2024-12-10 16:46:53
CAT1304,Books Components 1304,2025-03-16 16:46:53
CAT1305,Tools Items 1305,2025-05-07 16:46:53
CAT1306,Home Goods 1306,2025-02-15 16:46:53
CAT1307,Baby Range 1307,2025-08-30 16:46:53
CAT1308,Toys Accessories 1308,2025-06-22 16:46:53
CAT1309,Food Items 1309,2025-07-03 16:46:53
CAT1310,Baby Equipment 1310,2025-11-04 16:46:53
CAT1311,Home Materials 1311,2025-07-08 16:46:53
CAT1312,Tools Goods 1312,2025-07-15 16:46:53
CAT1313,Shoes Equipment 1313,2025-07-20 16:46:53
CAT1314,Food Equipment 1314,2025-08-17 16:46:53
CAT1315,Shoes Supplies 1315,2024-11-19 16:46:53
CAT1316,Baby Line 1316,2025-10-27 16:46:53
CAT1317,Industrial Materials 1317,2024-12-23 16:46:53
CAT1318,Industrial Supplies 1318,2025-05-21 16:46:53
CAT1319,Electronics Products 1319,2024-11-22 16:46:53
CAT1320,Office Equipment 1320,2025-03-14 16:46:53
CAT1321,Pet Products 1321,2025-04-01 16:46:53
CAT1322,Baby Supplies 1322,2025-06-30 16:46:53
CAT1323,Food Supplies 1323,2025-10-19 16:46:53
CAT1324,Industrial Collection 1324,2025-06-30 16:46:53
CAT1325,Industrial Materials 1325,2025-07-26 16:46:53
CAT1326,Pet Products 1326,2024-11-21 16:46:53
CAT1327,Food Materials 1327,2025-09-13 16:46:53
CAT1328,Office Range 1328,2025-01-31 16:46:53
CAT1329,Baby Essentials 1329,2025-09-18 16:46:53
CAT1330,Home Line 1330,2025-09-03 16:46:53
CAT1331,Shoes Components 1331,2025-07-17 16:46:53
CAT1332,Jewelry Collection 1332,2025-06-14 16:46:53
CAT1333,Automotive Goods 1333,2025-01-07 16:46:53
CAT1334,Arts Items 1334,2025-01-07 16:46:53
CAT1335,Books Equipment 1335,2025-08-13 16:46:53
CAT1336,Home Line 1336,2025-02-16 16:46:53
CAT1337,Health Components 1337,2025-03-10 16:46:53
CAT1338,Electronics Items 1338,2025-02-15 16:46:53
CAT1339,Home Essentials 1339,2025-01-07 16:46:53
CAT1340,Office Equipment 1340,2025-08-06 16:46:53
CAT1341,Arts Goods 1341,2025-05-17 16:46:53
CAT1342,Food Supplies 1342,2025-06-12 16:46:53
CAT1343,Tools Products 1343,2025-02-27 16:46:53
CAT1344,Automotive Supplies 1344,2025-05-01 16:46:53
CAT1345,Books Collection 1345,2025-08-09 16:46:53
CAT1346,Beauty Series 1346,2025-01-16 16:46:53
CAT1347,Home Accessories 1347,2025-04-13 16:46:53
CAT1348,Home Collection 1348,2025-01-09 16:46:53
CAT1349,Office Equipment 1349,2024-11-14 16:46:53
CAT1350,Sports Range 1350,2025-10-31 16:46:53
CAT1351,Health Materials 1351,2025-05-07 16:46:53
CAT1352,Home Collection 1352,2025-05-20 16:46:53
CAT1353,Jewelry Products 1353,2025-02-14 16:46:53
CAT1354,Arts Equipment 1354,2025-09-12 16:46:53
CAT1355,Electronics Series 1355,2025-04-18 16:46:53
CAT1356,Clothing Collection 1356,2024-12-28 16:46:53
CAT1357,Toys Items 1357,2025-08-22 16:46:53
CAT1358,Pet Accessories 1358,2025-02-16 16:46:53
CAT1359,Tools Series 1359,2025-05-23 16:46:53
CAT1360,Garden Range 1360,2025-09-26 16:46:53
CAT1361,Office Items 1361,2025-09-30 16:46:53
CAT1362,Office Products 1362,2025-07-18 16:46:53
CAT1363,Pet Collection 1363,2025-10-20 16:46:53
CAT1364,Garden Line 1364,2025-02-22 16:46:53
CAT1365,Toys Equipment 1365,2025-08-04 16:46:53
CAT1366,Health Materials 1366,2025-01-20 16:46:53
CAT1367,Garden Materials 1367,2025-04-21 16:46:53
CAT1368,Sports Products 1368,2025-04-05 16:46:53
CAT1369,Food Line 1369,2025-10-06 16:46:53
CAT1370,Electronics Collection 1370,2025-05-31 16:46:53
CAT1371,Music Accessories 1371,2025-02-01 16:46:53
CAT1372,Arts Essentials 1372,2025-01-01 16:46:53
CAT1373,Garden Items 1373,2024-12-05 16:46:53
CAT1374,Books Accessories 1374,2025-10-19 16:46:53
CAT1375,Home Accessories 1375,2025-04-27 16:46:53
CAT1376,Garden Accessories 1376,2025-07-18 16:46:53
CAT1377,Baby Products 1377,2025-10-18 16:46:53
CAT1378,Jewelry Collection 1378,2025-01-13 16:46:53
CAT1379,Garden Range 1379,2025-02-11 16:46:53
CAT1380,Arts Components 1380,2025-03-03 16:46:53
CAT1381,Arts Equipment 1381,2025-01-03 16:46:53
CAT1382,Sports Materials 1382,2025-09-14 16:46:53
CAT1383,Food Line 1383,2025-06-13 16:46:53
CAT1384,Pet Collection 1384,2025-05-14 16:46:53
CAT1385,Garden Components 1385,2025-06-30 16:46:53
CAT1386,Jewelry Components 1386,2025-09-17 16:46:53
CAT1387,Office Essentials 1387,2025-01-21 16:46:53
CAT1388,Sports Equipment 1388,2025-07-05 16:46:53
CAT1389,Home Collection 1389,2025-09-17 16:46:53
CAT1390,Industrial Collection 1390,2025-02-28 16:46:53
CAT1391,Electronics Line 1391,2025-08-12 16:46:53
CAT1392,Baby Series 1392,2025-03-10 16:46:53
CAT1393,Sports Products 1393,2025-10-11 16:46:53
CAT1394,Music Essentials 1394,2024-12-09 16:46:53
CAT1395,Tools Products 1395,2025-03-10 16:46:53
CAT1396,Music Supplies 1396,2025-06-03 16:46:53
CAT1397,Clothing Essentials 1397,2025-08-22 16:46:53
CAT1398,Arts Supplies 1398,2025-05-18 16:46:53
CAT1399,Health Essentials 1399,2025-06-27 16:46:53
CAT1400,Food Components 1400,2025-08-25 16:46:53
CAT1401,Automotive Essentials 1401,2025-04-16 16:46:53
CAT1402,Health Goods 1402,2025-08-27 16:46:53
CAT1403,Office Products 1403,2025-06-22 16:46:53
CAT1404,Health Accessories 1404,2025-05-05 16:46:53
CAT1405,Music Collection 1405,2025-05-21 16:46:53
CAT1406,Shoes Materials 1406,2025-03-10 16:46:53
CAT1407,Baby Products 1407,2025-01-09 16:46:53
CAT1408,Toys Items 1408,2025-04-08 16:46:53
CAT1409,Music Range 1409,2024-12-30 16:46:53
CAT1410,Tools Materials 1410,2025-06-27 16:46:53
CAT1411,Books Line 1411,2025-09-05 16:46:53
CAT1412,Automotive Materials 1412,2025-04-05 16:46:53
CAT1413,Music Collection 1413,2025-07-13 16:46:53
CAT1414,Office Materials 1414,2024-11-24 16:46:53
CAT1415,Baby Supplies 1415,2025-06-03 16:46:53
CAT1416,Shoes Materials 1416,2025-04-05 16:46:53
CAT1417,Beauty Accessories 1417,2025-02-26 16:46:53
CAT1418,Baby Collection 1418,2025-09-14 16:46:53
CAT1419,Arts Line 1419,2025-10-28 16:46:53
CAT1420,Arts Accessories 1420,2025-08-13 16:46:53
CAT1421,Shoes Line 1421,2025-04-24 16:46:53
CAT1422,Jewelry Accessories 1422,2025-06-20 16:46:53
CAT1423,Food Items 1423,2024-12-03 16:46:53
CAT1424,Home Components 1424,2025-08-07 16:46:53
CAT1425,Clothing Range 1425,2025-08-08 16:46:53
CAT1426,Tools Line 1426,2024-11-09 16:46:53
CAT1427,Shoes Products 1427,2025-08-26 16:46:53
CAT1428,Beauty Items 1428,2025-09-20 16:46:53
CAT1429,Automotive Essentials 1429,2025-05-30 16:46:53
CAT1430,Health Collection 1430,2025-03-23 16:46:53
CAT1431,Music Components 1431,2025-01-14 16:46:53
CAT1432,Jewelry Supplies 1432,2025-04-09 16:46:53
CAT1433,Books Products 1433,2025-11-05 16:46:53
CAT1434,Sports Components 1434,2025-06-12 16:46:53
CAT1435,Beauty Accessories 1435,2025-07-24 16:46:53
CAT1436,Electronics Equipment 1436,2025-08-26 16:46:53
CAT1437,Industrial Supplies 1437,2025-08-25 16:46:53
CAT1438,Garden Components 1438,2024-11-14 16:46:53
CAT1439,Beauty Line 1439,2025-11-02 16:46:53
CAT1440,Electronics Series 1440,2025-05-26 16:46:53
CAT1441,Garden Materials 1441,2025-05-24 16:46:53
CAT1442,Home Products 1442,2025-06-08 16:46:53
CAT1443,Toys Components 1443,2025-10-17 16:46:53
CAT1444,Clothing Items 1444,2025-06-21 16:46:53
CAT1445,Pet Essentials 1445,2025-03-10 16:46:53
CAT1446,Office Goods 1446,2024-11-21 16:46:53
CAT1447,Food Line 1447,2025-01-18 16:46:53
CAT1448,Tools Goods 1448,2025-11-02 16:46:53
CAT1449,Industrial Components 1449,2025-11-03 16:46:53
CAT1450,Sports Supplies 1450,2025-01-09 16:46:53
CAT1451,Toys Equipment 1451,2025-04-14 16:46:53
CAT1452,Books Essentials 1452,2025-10-26 16:46:53
CAT1453,Garden Items 1453,2025-07-22 16:46:53
CAT1454,Clothing Items 1454,2025-03-13 16:46:53
CAT1455,Automotive Items 1455,2025-01-14 16:46:53
CAT1456,Pet Range 1456,2025-10-07 16:46:53
CAT1457,Jewelry Products 1457,2024-11-05 16:46:53
CAT1458,Industrial Collection 1458,2025-04-17 16:46:53
CAT1459,Jewelry Items 1459,2025-03-09 16:46:53
CAT1460,Industrial Materials 1460,2025-04-02 16:46:53
CAT1461,Pet Products 1461,2024-11-06 16:46:53
CAT1462,Office Accessories 1462,2025-04-18 16:46:53
CAT1463,Home Line 1463,2024-12-23 16:46:53
CAT1464,Industrial Collection 1464,2025-04-15 16:46:53
CAT1465,Sports Components 1465,2025-08-07 16:46:53
CAT1466,Sports Items 1466,2025-01-19 16:46:53
CAT1467,Industrial Components 1467,2025-05-08 16:46:53
CAT1468,Tools Goods 1468,2024-12-21 16:46:53
CAT1469,Electronics Collection 1469,2025-04-10 16:46:53
CAT1470,Sports Collection 1470,2025-01-01 16:46:53
CAT1471,Garden Line 1471,2025-10-22 16:46:53
CAT1472,Arts Items 1472,2025-02-17 16:46:53
CAT1473,Tools Line 1473,2025-07-17 16:46:53
CAT1474,Sports Components 1474,2025-05-17 16:46:53
CAT1475,Jewelry Line 1475,2025-06-03 16:46:53
CAT1476,Beauty Accessories 1476,2025-04-09 16:46:53
CAT1477,Garden Products 1477,2025-02-17 16:46:53
CAT1478,Health Range 1478,2025-04-29 16:46:53
CAT1479,Office Range 1479,2024-11-26 16:46:53
CAT1480,Tools Items 1480,2025-05-28 16:46:53
CAT1481,Baby Components 1481,2025-04-28 16:46:53
CAT1482,Garden Accessories 1482,2025-03-19 16:46:53
CAT1483,Baby Goods 1483,2025-10-25 16:46:53
CAT1484,Beauty Collection 1484,2025-03-21 16:46:53
CAT1485,Music Equipment 1485,2025-05-22 16:46:53
CAT1486,Automotive Components 1486,2025-04-16 16:46:53
CAT1487,Automotive Collection 1487,2025-01-01 16:46:53
CAT1488,Beauty Equipment 1488,2025-02-09 16:46:53
CAT1489,Beauty Series 1489,2025-03-16 16:46:53
CAT1490,Automotive Range 1490,2025-01-12 16:46:53
CAT1491,Tools Goods 1491,2024-12-28 16:46:53
CAT1492,Home Accessories 1492,2025-04-26 16:46:53
CAT1493,Health Products 1493,2025-08-29 16:46:53
CAT1494,Clothing Products 1494,2025-01-24 16:46:53
CAT1495,Music Accessories 1495,2025-03-09 16:46:53
CAT1496,Garden Materials 1496,2025-04-07 16:46:53
CAT1497,Industrial Line 1497,2024-12-16 16:46:53
CAT1498,Jewelry Materials 1498,2024-12-16 16:46:53
CAT1499,Baby Accessories 1499,2025-04-25 16:46:53
CAT1500,Music Collection 1500,2025-06-05 16:46:53
CAT1501,Jewelry Accessories 1501,2025-04-12 16:46:53
CAT1502,Office Range 1502,2025-01-28 16:46:53
CAT1503,Automotive Supplies 1503,2025-07-29 16:46:53
CAT1504,Shoes Equipment 1504,2024-11-10 16:46:53
CAT1505,Pet Accessories 1505,2025-03-06 16:46:53
CAT1506,Books Collection 1506,2025-10-29 16:46:53
CAT1507,Home Collection 1507,2025-09-20 16:46:53
CAT1508,Electronics Range 1508,2024-12-22 16:46:53
CAT1509,Clothing Essentials 1509,2024-12-19 16:46:53
CAT1510,Books Line 1510,2025-09-28 16:46:53
CAT1511,Arts Goods 1511,2025-09-14 16:46:53
CAT1512,Home Accessories 1512,2025-10-27 16:46:53
CAT1513,Industrial Collection 1513,2025-05-27 16:46:53
CAT1514,Food Goods 1514,2025-07-26 16:46:53
CAT1515,Arts Collection 1515,2025-01-27 16:46:53
CAT1516,Books Supplies 1516,2025-04-05 16:46:53
CAT1517,Health Range 1517,2025-04-18 16:46:53
CAT1518,Tools Goods 1518,2024-11-28 16:46:53
CAT1519,Clothing Materials 1519,2025-08-23 16:46:53
CAT1520,Tools Essentials 1520,2025-04-05 16:46:53
CAT1521,Arts Products 1521,2025-06-10 16:46:53
CAT1522,Office Range 1522,2025-04-28 16:46:53
CAT1523,Books Range 1523,2025-05-01 16:46:53
CAT1524,Food Goods 1524,2025-08-18 16:46:53
CAT1525,Electronics Collection 1525,2025-02-25 16:46:53
CAT1526,Books Materials 1526,2025-02-06 16:46:53
CAT1527,Sports Equipment 1527,2024-11-10 16:46:53
CAT1528,Books Essentials 1528,2025-04-26 16:46:53
CAT1529,Toys Goods 1529,2025-10-29 16:46:53
CAT1530,Sports Line 1530,2025-09-15 16:46:53
CAT1531,Sports Range 1531,2024-11-28 16:46:53
CAT1532,Industrial Items 1532,2024-11-27 16:46:53
CAT1533,Office Range 1533,2025-05-03 16:46:53
CAT1534,Office Components 1534,2025-01-12 16:46:53
CAT1535,Arts Series 1535,2025-02-02 16:46:53
CAT1536,Sports Series 1536,2025-10-19 16:46:53
CAT1537,Home Accessories 1537,2024-12-28 16:46:53
CAT1538,Automotive Goods 1538,2025-03-22 16:46:53
CAT1539,Beauty Accessories 1539,2025-06-10 16:46:53
CAT1540,Beauty Collection 1540,2025-02-14 16:46:53
CAT1541,Toys Essentials 1541,2025-04-08 16:46:53
CAT1542,Tools Essentials 1542,2025-03-29 16:46:53
CAT1543,Health Products 1543,2025-10-03 16:46:53
CAT1544,Jewelry Items 1544,2025-08-12 16:46:53
CAT1545,Industrial Essentials 1545,2025-10-26 16:46:53
CAT1546,Clothing Goods 1546,2025-10-12 16:46:53
CAT1547,Office Collection 1547,2025-02-06 16:46:53
CAT1548,Clothing Series 1548,2025-02-10 16:46:53
CAT1549,Books Supplies 1549,2024-12-16 16:46:53
CAT1550,Electronics Line 1550,2025-06-06 16:46:53
CAT1551,Automotive Products 1551,2025-03-16 16:46:53
CAT1552,Music Items 1552,2025-09-25 16:46:53
CAT1553,Food Series 1553,2025-07-10 16:46:53
CAT1554,Arts Range 1554,2025-01-16 16:46:53
CAT1555,Industrial Supplies 1555,2025-04-25 16:46:53
CAT1556,Pet Components 1556,2025-04-10 16:46:53
CAT1557,Sports Essentials 1557,2025-02-27 16:46:53
CAT1558,Arts Accessories 1558,2024-11-26 16:46:53
CAT1559,Music Line 1559,2025-06-25 16:46:53
CAT1560,Shoes Accessories 1560,2025-06-21 16:46:53
CAT1561,Books Accessories 1561,2025-02-07 16:46:53
CAT1562,Jewelry Essentials 1562,2025-04-24 16:46:53
CAT1563,Clothing Range 1563,2025-02-03 16:46:53
CAT1564,Garden Components 1564,2025-06-14 16:46:53
CAT1565,Shoes Accessories 1565,2025-06-17 16:46:53
CAT1566,Industrial Line 1566,2025-08-09 16:46:53
CAT1567,Health Items 1567,2025-07-13 16:46:53
CAT1568,Jewelry Items 1568,2025-09-30 16:46:53
CAT1569,Arts Accessories 1569,2025-08-24 16:46:53
CAT1570,Home Supplies 1570,2025-04-08 16:46:53
CAT1571,Sports Components 1571,2025-02-25 16:46:53
CAT1572,Garden Collection 1572,2025-08-25 16:46:53
CAT1573,Music Collection 1573,2025-02-23 16:46:53
CAT1574,Health Line 1574,2024-11-11 16:46:53
CAT1575,Jewelry Items 1575,2025-05-13 16:46:53
CAT1576,Food Line 1576,2025-05-18 16:46:53
CAT1577,Toys Accessories 1577,2025-01-07 16:46:53
CAT1578,Food Materials 1578,2024-11-10 16:46:53
CAT1579,Toys Items 1579,2025-08-27 16:46:53
CAT1580,Tools Supplies 1580,2025-04-26 16:46:53
CAT1581,Beauty Essentials 1581,2025-06-29 16:46:53
CAT1582,Music Products 1582,2024-11-07 16:46:53
CAT1583,Sports Accessories 1583,2024-12-26 16:46:53
CAT1584,Jewelry Equipment 1584,2025-02-12 16:46:53
CAT1585,Garden Components 1585,2025-01-25 16:46:53
CAT1586,Sports Supplies 1586,2025-03-03 16:46:53
CAT1587,Baby Accessories 1587,2025-06-25 16:46:53
CAT1588,Industrial Products 1588,2025-10-14 16:46:53
CAT1589,Home Materials 1589,2024-12-05 16:46:53
CAT1590,Pet Items 1590,2025-10-21 16:46:53
CAT1591,Tools Range 1591,2025-01-31 16:46:53
CAT1592,Pet Accessories 1592,2024-12-08 16:46:53
CAT1593,Jewelry Equipment 1593,2025-03-22 16:46:53
CAT1594,Toys Components 1594,2024-12-19 16:46:53
CAT1595,Health Components 1595,2025-07-16 16:46:53
CAT1596,Pet Accessories 1596,2025-08-17 16:46:53
CAT1597,Books Items 1597,2025-09-01 16:46:53
CAT1598,Sports Components 1598,2025-02-17 16:46:53
CAT1599,Baby Collection 1599,2025-10-04 16:46:53
CAT1600,Toys Collection 1600,2025-09-27 16:46:53
CAT1601,Sports Products 1601,2025-08-01 16:46:53
CAT1602,Beauty Materials 1602,2025-09-11 16:46:53
CAT1603,Home Range 1603,2025-11-05 16:46:53
CAT1604,Pet Supplies 1604,2025-02-25 16:46:53
CAT1605,Baby Components 1605,2025-02-04 16:46:53
CAT1606,Pet Line 1606,2025-04-29 16:46:53
CAT1607,Tools Components 1607,2025-06-17 16:46:53
CAT1608,Industrial Products 1608,2025-01-13 16:46:53
CAT1609,Garden Line 1609,2025-03-27 16:46:53
CAT1610,Food Supplies 1610,2024-11-19 16:46:53
CAT1611,Food Accessories 1611,2025-03-12 16:46:53
CAT1612,Office Equipment 1612,2025-02-02 16:46:53
CAT1613,Clothing Essentials 1613,2025-03-20 16:46:53
CAT1614,Baby Supplies 1614,2025-04-21 16:46:53
CAT1615,Electronics Equipment 1615,2025-07-01 16:46:53
CAT1616,Tools Materials 1616,2025-07-01 16:46:53
CAT1617,Home Materials 1617,2025-02-18 16:46:53
CAT1618,Clothing Line 1618,2025-09-13 16:46:53
CAT1619,Health Line 1619,2025-10-30 16:46:53
CAT1620,Office Essentials 1620,2025-10-08 16:46:53
CAT1621,Home Products 1621,2024-12-06 16:46:53
CAT1622,Garden Essentials 1622,2024-11-11 16:46:53
CAT1623,Beauty Line 1623,2025-01-01 16:46:53
CAT1624,Baby Equipment 1624,2025-01-20 16:46:53
CAT1625,Automotive Range 1625,2025-05-24 16:46:53
CAT1626,Toys Items 1626,2025-10-13 16:46:53
CAT1627,Garden Equipment 1627,2025-08-06 16:46:53
CAT1628,Electronics Essentials 1628,2025-10-13 16:46:53
CAT1629,Industrial Range 1629,2025-07-30 16:46:53
CAT1630,Industrial Accessories 1630,2025-06-25 16:46:53
CAT1631,Baby Products 1631,2025-07-01 16:46:53
CAT1632,Industrial Items 1632,2024-11-13 16:46:53
CAT1633,Food Line 1633,2024-11-09 16:46:53
CAT1634,Home Accessories 1634,2025-09-16 16:46:53
CAT1635,Office Supplies 1635,2025-03-05 16:46:53
CAT1636,Food Series 1636,2025-09-24 16:46:53
CAT1637,Toys Supplies 1637,2025-09-11 16:46:53
CAT1638,Office Items 1638,2025-03-09 16:46:53
CAT1639,Toys Items 1639,2025-06-04 16:46:53
CAT1640,Garden Equipment 1640,2025-06-27 16:46:53
CAT1641,Beauty Collection 1641,2025-08-31 16:46:53
CAT1642,Arts Essentials 1642,2024-11-20 16:46:53
CAT1643,Toys Materials 1643,2025-10-28 16:46:53
CAT1644,Music Equipment 1644,2024-11-09 16:46:53
CAT1645,Baby Accessories 1645,2025-04-10 16:46:53
CAT1646,Automotive Accessories 1646,2024-12-27 16:46:53
CAT1647,Music Components 1647,2025-06-06 16:46:53
CAT1648,Tools Goods 1648,2025-01-19 16:46:53
CAT1649,Arts Items 1649,2025-07-27 16:46:53
CAT1650,Clothing Equipment 1650,2025-06-01 16:46:53
CAT1651,Toys Essentials 1651,2025-02-22 16:46:53
CAT1652,Toys Essentials 1652,2025-02-03 16:46:53
CAT1653,Food Series 1653,2025-09-25 16:46:53
CAT1654,Toys Products 1654,2025-04-28 16:46:53
CAT1655,Books Materials 1655,2025-03-01 16:46:53
CAT1656,Home Materials 1656,2025-03-14 16:46:53
CAT1657,Health Line 1657,2025-01-28 16:46:53
CAT1658,Arts Collection 1658,2025-07-27 16:46:53
CAT1659,Clothing Items 1659,2025-05-30 16:46:53
CAT1660,Automotive Collection 1660,2025-07-29 16:46:53
CAT1661,Beauty Components 1661,2025-03-17 16:46:53
CAT1662,Baby Products 1662,2025-10-20 16:46:53
CAT1663,Clothing Products 1663,2025-02-06 16:46:53
CAT1664,Garden Supplies 1664,2025-01-30 16:46:53
CAT1665,Shoes Components 1665,2025-04-12 16:46:53
CAT1666,Food Line 1666,2025-06-21 16:46:53
CAT1667,Electronics Products 1667,2025-02-07 16:46:53
CAT1668,Tools Collection 1668,2025-03-25 16:46:53
CAT1669,Sports Goods 1669,2024-12-26 16:46:53
CAT1670,Automotive Range 1670,2025-01-04 16:46:53
CAT1671,Industrial Essentials 1671,2025-01-10 16:46:53
CAT1672,Shoes Essentials 1672,2025-04-21 16:46:53
CAT1673,Toys Collection 1673,2025-09-07 16:46:53
CAT1674,Office Supplies 1674,2025-03-06 16:46:53
CAT1675,Books Goods 1675,2025-02-07 16:46:53
CAT1676,Office Components 1676,2025-04-10 16:46:53
CAT1677,Arts Series 1677,2025-02-03 16:46:53
CAT1678,Health Series 1678,2024-11-07 16:46:53
CAT1679,Sports Materials 1679,2025-07-24 16:46:53
CAT1680,Sports Goods 1680,2025-06-21 16:46:53
CAT1681,Clothing Range 1681,2025-08-30 16:46:53
CAT1682,Arts Equipment 1682,2025-09-17 16:46:53
CAT1683,Sports Accessories 1683,2025-08-23 16:46:53
CAT1684,Arts Series 1684,2025-06-08 16:46:53
CAT1685,Electronics Accessories 1685,2025-08-07 16:46:53
CAT1686,Home Items 1686,2025-04-28 16:46:53
CAT1687,Health Accessories 1687,2025-11-04 16:46:53
CAT1688,Toys Series 1688,2025-02-15 16:46:53
CAT1689,Books Series 1689,2025-01-15 16:46:53
CAT1690,Music Essentials 1690,2024-12-22 16:46:53
CAT1691,Automotive Materials 1691,2025-06-27 16:46:53
CAT1692,Home Accessories 1692,2024-12-26 16:46:53
CAT1693,Electronics Equipment 1693,2025-02-11 16:46:53
CAT1694,Home Goods 1694,2025-10-22 16:46:53
CAT1695,Books Equipment 1695,2024-12-25 16:46:53
CAT1696,Industrial Goods 1696,2025-03-29 16:46:53
CAT1697,Industrial Accessories 1697,2024-11-12 16:46:53
CAT1698,Arts Essentials 1698,2025-02-09 16:46:53
CAT1699,Arts Collection 1699,2025-06-13 16:46:53
CAT1700,Office Essentials 1700,2024-12-07 16:46:53
CAT1701,Office Equipment 1701,2025-05-25 16:46:53
CAT1702,Jewelry Goods 1702,2024-12-20 16:46:53
CAT1703,Office Items 1703,2025-05-04 16:46:53
CAT1704,Shoes Components 1704,2025-01-28 16:46:53
CAT1705,Automotive Components 1705,2024-12-17 16:46:53
CAT1706,Home Line 1706,2025-01-30 16:46:53
CAT1707,Arts Line 1707,2025-08-29 16:46:53
CAT1708,Arts Items 1708,2024-11-12 16:46:53
CAT1709,Arts Components 1709,2025-01-31 16:46:53
CAT1710,Health Supplies 1710,2025-01-21 16:46:53
CAT1711,Health Range 1711,2025-09-19 16:46:53
CAT1712,Food Range 1712,2025-10-08 16:46:53
CAT1713,Arts Series 1713,2025-03-23 16:46:53
CAT1714,Food Equipment 1714,2024-12-23 16:46:53
CAT1715,Beauty Components 1715,2025-04-16 16:46:53
CAT1716,Jewelry Range 1716,2025-01-20 16:46:53
CAT1717,Books Range 1717,2025-08-16 16:46:53
CAT1718,Jewelry Components 1718,2025-06-24 16:46:53
CAT1719,Garden Essentials 1719,2025-10-24 16:46:53
CAT1720,Shoes Essentials 1720,2025-06-02 16:46:53
CAT1721,Toys Range 1721,2025-06-02 16:46:53
CAT1722,Home Line 1722,2025-08-07 16:46:53
CAT1723,Toys Supplies 1723,2025-06-13 16:46:53
CAT1724,Jewelry Accessories 1724,2024-11-18 16:46:53
CAT1725,Tools Items 1725,2025-06-26 16:46:53
CAT1726,Home Components 1726,2025-03-26 16:46:53
CAT1727,Garden Supplies 1727,2025-10-29 16:46:53
CAT1728,Toys Accessories 1728,2025-01-30 16:46:53
CAT1729,Industrial Series 1729,2025-02-25 16:46:53
CAT1730,Baby Goods 1730,2024-12-17 16:46:53
CAT1731,Sports Equipment 1731,2024-12-12 16:46:53
CAT1732,Home Series 1732,2024-11-14 16:46:53
CAT1733,Office Products 1733,2025-09-28 16:46:53
CAT1734,Automotive Materials 1734,2024-11-21 16:46:53
CAT1735,Clothing Line 1735,2025-10-26 16:46:53
CAT1736,Books Components 1736,2025-02-08 16:46:53
CAT1737,Music Collection 1737,2025-06-22 16:46:53
CAT1738,Garden Essentials 1738,2025-10-09 16:46:53
CAT1739,Food Line 1739,2025-02-06 16:46:53
CAT1740,Pet Collection 1740,2024-11-06 16:46:53
CAT1741,Arts Collection 1741,2025-05-17 16:46:53
CAT1742,Home Items 1742,2025-06-10 16:46:53
CAT1743,Health Series 1743,2025-06-14 16:46:53
CAT1744,Automotive Essentials 1744,2025-05-05 16:46:53
CAT1745,Clothing Items 1745,2025-02-14 16:46:53
CAT1746,Electronics Essentials 1746,2025-07-05 16:46:53
CAT1747,Music Essentials 1747,2025-05-26 16:46:53
CAT1748,Shoes Accessories 1748,2025-06-22 16:46:53
CAT1749,Pet Items 1749,2025-10-09 16:46:53
CAT1750,Tools Items 1750,2025-01-09 16:46:53
CAT1751,Jewelry Products 1751,2024-11-09 16:46:53
CAT1752,Arts Line 1752,2025-03-17 16:46:53
CAT1753,Industrial Components 1753,2024-12-19 16:46:53
CAT1754,Garden Items 1754,2025-03-09 16:46:53
CAT1755,Office Essentials 1755,2025-02-18 16:46:53
CAT1756,Office Collection 1756,2024-12-01 16:46:53
CAT1757,Garden Series 1757,2025-05-07 16:46:53
CAT1758,Shoes Accessories 1758,2024-11-25 16:46:53
CAT1759,Tools Items 1759,2025-11-04 16:46:53
CAT1760,Arts Supplies 1760,2025-08-01 16:46:53
CAT1761,Office Items 1761,2024-12-15 16:46:53
CAT1762,Books Range 1762,2025-07-16 16:46:53
CAT1763,Beauty Items 1763,2025-02-13 16:46:53
CAT1764,Arts Accessories 1764,2025-05-12 16:46:53
CAT1765,Books Products 1765,2025-08-02 16:46:53
CAT1766,Clothing Range 1766,2025-10-04 16:46:53
CAT1767,Music Series 1767,2025-05-30 16:46:53
CAT1768,Office Materials 1768,2025-03-29 16:46:53
CAT1769,Toys Collection 1769,2025-10-17 16:46:53
CAT1770,Electronics Equipment 1770,2024-12-06 16:46:53
CAT1771,Food Line 1771,2025-03-15 16:46:53
CAT1772,Health Essentials 1772,2025-10-13 16:46:53
CAT1773,Toys Range 1773,2025-04-26 16:46:53
CAT1774,Home Accessories 1774,2025-08-19 16:46:53
CAT1775,Toys Line 1775,2024-12-09 16:46:53
CAT1776,Pet Equipment 1776,2024-12-31 16:46:53
CAT1777,Pet Collection 1777,2025-04-04 16:46:53
CAT1778,Baby Essentials 1778,2025-06-20 16:46:53
CAT1779,Toys Supplies 1779,2025-10-01 16:46:53
CAT1780,Tools Series 1780,2025-05-05 16:46:53
CAT1781,Clothing Collection 1781,2025-08-02 16:46:53
CAT1782,Baby Items 1782,2025-09-12 16:46:53
CAT1783,Electronics Goods 1783,2025-03-05 16:46:53
CAT1784,Jewelry Items 1784,2025-08-09 16:46:53
CAT1785,Food Accessories 1785,2025-07-14 16:46:53
CAT1786,Tools Essentials 1786,2025-01-03 16:46:53
CAT1787,Beauty Series 1787,2025-09-29 16:46:53
CAT1788,Tools Accessories 1788,2025-07-31 16:46:53
CAT1789,Office Range 1789,2025-07-03 16:46:53
CAT1790,Toys Essentials 1790,2025-08-03 16:46:53
CAT1791,Jewelry Collection 1791,2025-10-27 16:46:53
CAT1792,Office Supplies 1792,2025-10-03 16:46:53
CAT1793,Electronics Range 1793,2025-08-14 16:46:53
CAT1794,Jewelry Range 1794,2025-02-12 16:46:53
CAT1795,Baby Supplies 1795,2025-07-12 16:46:53
CAT1796,Health Series 1796,2025-03-15 16:46:53
CAT1797,Music Supplies 1797,2025-05-14 16:46:53
CAT1798,Automotive Supplies 1798,2025-09-18 16:46:53
CAT1799,Shoes Components 1799,2025-04-20 16:46:53
CAT1800,Office Products 1800,2024-11-05 16:46:53
CAT1801,Books Goods 1801,2025-02-22 16:46:53
CAT1802,Shoes Accessories 1802,2025-03-19 16:46:53
CAT1803,Pet Goods 1803,2024-11-18 16:46:53
CAT1804,Automotive Products 1804,2024-11-16 16:46:53
CAT1805,Beauty Equipment 1805,2025-06-07 16:46:53
CAT1806,Office Range 1806,2025-10-30 16:46:53
CAT1807,Health Essentials 1807,2024-12-13 16:46:53
CAT1808,Automotive Materials 1808,2025-07-15 16:46:53
CAT1809,Beauty Essentials 1809,2025-06-25 16:46:53
CAT1810,Shoes Equipment 1810,2025-10-12 16:46:53
CAT1811,Garden Equipment 1811,2025-06-13 16:46:53
CAT1812,Industrial Goods 1812,2025-10-14 16:46:53
CAT1813,Office Components 1813,2024-11-11 16:46:53
CAT1814,Garden Components 1814,2025-06-25 16:46:53
CAT1815,Shoes Essentials 1815,2024-12-01 16:46:53
CAT1816,Tools Items 1816,2025-11-01 16:46:53
CAT1817,Pet Equipment 1817,2024-11-17 16:46:53
CAT1818,Music Items 1818,2025-05-08 16:46:53
CAT1819,Tools Equipment 1819,2025-01-12 16:46:53
CAT1820,Shoes Line 1820,2025-01-08 16:46:53
CAT1821,Baby Components 1821,2025-05-17 16:46:53
CAT1822,Pet Essentials 1822,2024-12-14 16:46:53
CAT1823,Health Essentials 1823,2025-08-19 16:46:53
CAT1824,Sports Essentials 1824,2025-04-19 16:46:53
CAT1825,Jewelry Products 1825,2025-01-22 16:46:53
CAT1826,Shoes Accessories 1826,2024-11-18 16:46:53
CAT1827,Home Collection 1827,2025-03-16 16:46:53
CAT1828,Garden Line 1828,2025-04-16 16:46:53
CAT1829,Home Products 1829,2025-05-25 16:46:53
CAT1830,Automotive Items 1830,2024-11-13 16:46:53
CAT1831,Music Equipment 1831,2025-09-08 16:46:53
CAT1832,Food Supplies 1832,2024-12-22 16:46:53
CAT1833,Food Series 1833,2025-10-05 16:46:53
CAT1834,Office Range 1834,2024-11-30 16:46:53
CAT1835,Arts Essentials 1835,2025-05-27 16:46:53
CAT1836,Home Collection 1836,2025-01-09 16:46:53
CAT1837,Garden Products 1837,2025-02-09 16:46:53
CAT1838,Toys Range 1838,2025-06-22 16:46:53
CAT1839,Music Line 1839,2024-12-30 16:46:53
CAT1840,Toys Products 1840,2024-12-26 16:46:53
CAT1841,Garden Collection 1841,2025-09-11 16:46:53
CAT1842,Food Range 1842,2025-08-15 16:46:53
CAT1843,Toys Equipment 1843,2025-03-23 16:46:53
CAT1844,Automotive Equipment 1844,2025-09-27 16:46:53
CAT1845,Arts Goods 1845,2025-10-20 16:46:53
CAT1846,Arts Range 1846,2025-09-18 16:46:53
CAT1847,Health Materials 1847,2025-06-11 16:46:53
CAT1848,Office Supplies 1848,2025-04-19 16:46:53
CAT1849,Office Goods 1849,2025-04-27 16:46:53
CAT1850,Food Items 1850,2025-10-19 16:46:53
CAT1851,Food Collection 1851,2024-12-13 16:46:53
CAT1852,Clothing Items 1852,2025-09-19 16:46:53
CAT1853,Toys Accessories 1853,2025-02-26 16:46:53
CAT1854,Toys Line 1854,2024-12-16 16:46:53
CAT1855,Home Series 1855,2024-11-16 16:46:53
CAT1856,Electronics Materials 1856,2024-11-09 16:46:53
CAT1857,Automotive Series 1857,2025-07-15 16:46:53
CAT1858,Automotive Equipment 1858,2025-08-26 16:46:53
CAT1859,Jewelry Supplies 1859,2025-01-17 16:46:53
CAT1860,Pet Materials 1860,2025-05-18 16:46:53
CAT1861,Tools Components 1861,2025-10-27 16:46:53
CAT1862,Tools Collection 1862,2025-04-21 16:46:53
CAT1863,Electronics Accessories 1863,2025-04-22 16:46:53
CAT1864,Automotive Collection 1864,2025-10-31 16:46:53
CAT1865,Toys Goods 1865,2025-07-27 16:46:53
CAT1866,Beauty Goods 1866,2025-02-09 16:46:53
CAT1867,Office Goods 1867,2025-05-09 16:46:53
CAT1868,Pet Goods 1868,2025-07-06 16:46:53
CAT1869,Baby Collection 1869,2025-05-17 16:46:53
CAT1870,Beauty Components 1870,2025-10-04 16:46:53
CAT1871,Music Line 1871,2025-05-22 16:46:53
CAT1872,Pet Items 1872,2024-11-13 16:46:53
CAT1873,Home Collection 1873,2025-09-25 16:46:53
CAT1874,Electronics Collection 1874,2025-05-12 16:46:53
CAT1875,Industrial Products 1875,2025-07-03 16:46:53
CAT1876,Electronics Goods 1876,2024-11-13 16:46:53
CAT1877,Toys Collection 1877,2025-08-08 16:46:53
CAT1878,Industrial Supplies 1878,2024-12-19 16:46:53
CAT1879,Food Collection 1879,2025-09-18 16:46:53
CAT1880,Pet Essentials 1880,2025-09-09 16:46:53
CAT1881,Shoes Components 1881,2025-10-04 16:46:53
CAT1882,Industrial Items 1882,2025-07-30 16:46:53
CAT1883,Jewelry Products 1883,2025-03-09 16:46:53
CAT1884,Tools Goods 1884,2025-06-01 16:46:53
CAT1885,Electronics Materials 1885,2025-05-19 16:46:53
CAT1886,Shoes Accessories 1886,2025-08-24 16:46:53
CAT1887,Health Accessories 1887,2025-08-02 16:46:53
CAT1888,Beauty Line 1888,2025-07-20 16:46:53
CAT1889,Tools Components 1889,2025-03-27 16:46:53
CAT1890,Automotive Materials 1890,2025-02-10 16:46:53
CAT1891,Home Equipment 1891,2025-09-02 16:46:53
CAT1892,Toys Line 1892,2025-01-13 16:46:53
CAT1893,Garden Equipment 1893,2025-03-01 16:46:53
CAT1894,Automotive Goods 1894,2025-08-10 16:46:53
CAT1895,Home Components 1895,2025-05-20 16:46:53
CAT1896,Pet Series 1896,2025-04-26 16:46:53
CAT1897,Arts Components 1897,2025-03-10 16:46:53
CAT1898,Office Materials 1898,2025-07-17 16:46:53
CAT1899,Clothing Products 1899,2025-05-02 16:46:53
CAT1900,Electronics Accessories 1900,2024-12-07 16:46:53
CAT1901,Automotive Materials 1901,2025-02-12 16:46:53
CAT1902,Tools Collection 1902,2025-01-29 16:46:53
CAT1903,Beauty Essentials 1903,2024-12-01 16:46:53
CAT1904,Baby Collection 1904,2025-04-25 16:46:53
CAT1905,Electronics Goods 1905,2025-07-18 16:46:53
CAT1906,Beauty Supplies 1906,2025-10-09 16:46:53
CAT1907,Garden Series 1907,2025-03-03 16:46:53
CAT1908,Home Equipment 1908,2024-11-06 16:46:53
CAT1909,Books Equipment 1909,2025-07-11 16:46:53
CAT1910,Books Equipment 1910,2025-01-14 16:46:53
CAT1911,Beauty Products 1911,2025-05-31 16:46:53
CAT1912,Automotive Goods 1912,2025-03-04 16:46:53
CAT1913,Industrial Line 1913,2025-07-09 16:46:53
CAT1914,Health Supplies 1914,2025-07-28 16:46:53
CAT1915,Beauty Goods 1915,2025-10-07 16:46:53
CAT1916,Electronics Items 1916,2025-05-07 16:46:53
CAT1917,Garden Materials 1917,2025-04-04 16:46:53
CAT1918,Toys Series 1918,2025-03-25 16:46:53
CAT1919,Toys Products 1919,2025-10-17 16:46:53
CAT1920,Food Accessories 1920,2025-07-07 16:46:53
CAT1921,Music Items 1921,2025-09-21 16:46:53
CAT1922,Industrial Products 1922,2024-12-28 16:46:53
CAT1923,Health Series 1923,2025-09-01 16:46:53
CAT1924,Automotive Accessories 1924,2025-05-19 16:46:53
CAT1925,Industrial Collection 1925,2025-01-25 16:46:53
CAT1926,Jewelry Collection 1926,2025-04-04 16:46:53
CAT1927,Pet Line 1927,2025-04-16 16:46:53
CAT1928,Beauty Materials 1928,2025-08-12 16:46:53
CAT1929,Beauty Accessories 1929,2025-01-06 16:46:53
CAT1930,Jewelry Collection 1930,2025-10-22 16:46:53
CAT1931,Office Materials 1931,2025-08-16 16:46:53
CAT1932,Tools Items 1932,2025-07-01 16:46:53
CAT1933,Automotive Accessories 1933,2025-09-06 16:46:53
CAT1934,Garden Supplies 1934,2025-04-13 16:46:53
CAT1935,Toys Essentials 1935,2024-11-09 16:46:53
CAT1936,Arts Components 1936,2025-10-10 16:46:53
CAT1937,Office Items 1937,2025-01-03 16:46:53
CAT1938,Automotive Items 1938,2024-12-26 16:46:53
CAT1939,Beauty Materials 1939,2025-08-12 16:46:53
CAT1940,Books Range 1940,2025-01-18 16:46:53
CAT1941,Pet Components 1941,2025-07-17 16:46:53
CAT1942,Automotive Line 1942,2025-03-01 16:46:53
CAT1943,Electronics Range 1943,2025-05-28 16:46:53
CAT1944,Arts Series 1944,2025-02-01 16:46:53
CAT1945,Office Equipment 1945,2025-07-02 16:46:53
CAT1946,Sports Supplies 1946,2025-05-17 16:46:53
CAT1947,Electronics Goods 1947,2025-08-23 16:46:53
CAT1948,Garden Range 1948,2024-12-06 16:46:53
CAT1949,Shoes Goods 1949,2025-05-06 16:46:53
CAT1950,Garden Supplies 1950,2025-08-08 16:46:53
CAT1951,Automotive Series 1951,2025-07-22 16:46:53
CAT1952,Tools Supplies 1952,2024-11-28 16:46:53
CAT1953,Garden Components 1953,2025-05-08 16:46:53
CAT1954,Music Materials 1954,2025-09-22 16:46:53
CAT1955,Tools Supplies 1955,2025-02-24 16:46:53
CAT1956,Automotive Supplies 1956,2024-12-18 16:46:53
CAT1957,Shoes Equipment 1957,2025-01-26 16:46:53
CAT1958,Sports Collection 1958,2025-04-25 16:46:53
CAT1959,Music Range 1959,2025-05-03 16:46:53
CAT1960,Arts Materials 1960,2025-09-15 16:46:53
CAT1961,Food Collection 1961,2024-12-19 16:46:53
CAT1962,Automotive Goods 1962,2024-11-29 16:46:53
CAT1963,Baby Line 1963,2025-03-15 16:46:53
CAT1964,Industrial Items 1964,2024-11-30 16:46:53
CAT1965,Garden Line 1965,2025-03-27 16:46:53
CAT1966,Jewelry Collection 1966,2025-07-16 16:46:53
CAT1967,Electronics Range 1967,2025-06-28 16:46:53
CAT1968,Shoes Equipment 1968,2024-12-30 16:46:53
CAT1969,Shoes Materials 1969,2025-08-18 16:46:53
CAT1970,Office Goods 1970,2025-09-20 16:46:53
CAT1971,Jewelry Series 1971,2025-04-10 16:46:53
CAT1972,Baby Collection 1972,2025-06-10 16:46:53
CAT1973,Food Essentials 1973,2025-11-01 16:46:53
CAT1974,Tools Goods 1974,2025-03-23 16:46:53
CAT1975,Arts Products 1975,2025-09-08 16:46:53
CAT1976,Tools Products 1976,2025-05-23 16:46:53
CAT1977,Baby Collection 1977,2025-10-20 16:46:53
CAT1978,Automotive Materials 1978,2025-03-22 16:46:53
CAT1979,Electronics Products 1979,2025-04-07 16:46:53
CAT1980,Toys Items 1980,2025-01-11 16:46:53
CAT1981,Arts Collection 1981,2025-01-23 16:46:53
CAT1982,Industrial Series 1982,2025-06-18 16:46:53
CAT1983,Electronics Materials 1983,2025-07-29 16:46:53
CAT1984,Office Collection 1984,2025-08-28 16:46:53
CAT1985,Industrial Collection 1985,2025-06-30 16:46:53
CAT1986,Jewelry Range 1986,2025-01-01 16:46:53
CAT1987,Tools Series 1987,2025-06-29 16:46:53
CAT1988,Garden Supplies 1988,2025-03-22 16:46:53
CAT1989,Garden Items 1989,2025-06-25 16:46:53
CAT1990,Arts Range 1990,2025-02-07 16:46:53
CAT1991,Health Materials 1991,2024-11-06 16:46:53
CAT1992,Home Line 1992,2025-06-10 16:46:53
CAT1993,Industrial Range 1993,2024-11-26 16:46:53
CAT1994,Sports Supplies 1994,2025-07-11 16:46:53
CAT1995,Jewelry Items 1995,2025-01-10 16:46:53
CAT1996,Beauty Essentials 1996,2025-10-10 16:46:53
CAT1997,Music Line 1997,2025-03-15 16:46:53
CAT1998,Music Collection 1998,2025-04-18 16:46:53
CAT1999,Baby Equipment 1999,2025-07-24 16:46:53
CAT2000,Arts Essentials 2000,2024-12-01 16:46:53
